comparison	group	n_months	spearman_r	ci_low	ci_high	median_total_variation_distance	iqr_low	iqr_high
SARS-CoV-2: CASPER vs CDC clinical	JN.1* (other)	28	0.8719211822660098	0.6969449921215567	0.9443379976201731			
SARS-CoV-2: CASPER vs CDC clinical	KP.2*	5	0.8999999999999998	0.1111111111111111	1.0			
SARS-CoV-2: CASPER vs CDC clinical	KP.3*	12	0.46153846153846156	-0.28472386217260626	0.9571428571428571			
SARS-CoV-2: CASPER vs CDC clinical	LP.8.1*	13	0.8021978021978022	0.36120922945449374	0.9668757419865448			
SARS-CoV-2: CASPER vs CDC clinical	NB.1.8.1*	11	0.11818181818181818	-0.5555555555555555	0.8397296364473071			
SARS-CoV-2: CASPER vs CDC clinical	Other	23	0.3201581027667984	-0.1241418812705679	0.731429608446604			
SARS-CoV-2: CASPER vs CDC clinical	XBB*	7	0.8214285714285715	-0.06666666666666665	1.0			
SARS-CoV-2: CASPER vs CDC clinical	XEC*	7	0.8928571428571429	0.34782608695652173	1.0			
SARS-CoV-2: CASPER vs CDC clinical	XFG*	14	0.7582417582417583	0.30326419542536115	0.9685410893334003			
SARS-CoV-2: CASPER vs CDC clinical	ALL (composition distance)	31				0.17849877894280905	0.08602052312536226	0.2403325434733475
Norovirus: CASPER vs CaliciNet	GII.17	17	0.6531409780858203	0.15748779535843468	0.9466089991999			
Norovirus: CASPER vs CaliciNet	GII.4	17	0.297909792532609	-0.27101330127997125	0.7452084293843388			
Norovirus: CASPER vs CaliciNet	ALL (composition distance)	17				0.10502940589346309	0.062786981553284	0.20794223826714808
