month,aligned_bases,aligned_reads,n_samples,mean_depth
2023-12,827241,7125,1,508.75830258302585
2024-01,10310399,82039,3,6340.958794587946
2024-02,972020,7604,1,597.7982779827798
2024-03,8915573,70571,6,5483.132226322263
2024-04,4078841,32162,5,2508.5123001230013
2024-05,1196893,9624,4,736.0965559655597
2024-06,1330643,10913,4,818.3536285362853
2024-07,1137140,9195,4,699.3480934809348
2024-08,91587,918,4,56.32656826568266
2024-09,768613,7059,19,472.70172201722016
2024-10,10880108,85616,25,6691.333333333333
2024-11,14390170,113838,35,8850.043050430504
2024-12,53308765,417232,42,32785.21832718327
2025-01,108478994,863770,44,66715.24846248463
2025-02,57836429,454827,48,35569.75953259532
2025-03,59950748,470199,65,36870.078720787205
2025-04,39567830,314624,73,24334.458794587947
2025-05,42055399,335189,74,25864.32902829028
2025-06,57614799,457175,108,35433.4557195572
2025-07,51037431,406134,102,31388.333948339485
2025-08,39236520,311144,106,24130.70110701107
2025-09,75447112,595005,139,46400.43788437884
2025-10,118642764,928225,136,72966.0295202952
2025-11,97075358,763478,125,59701.9421894219
2025-12,238216428,1874944,153,146504.56826568267
2026-01,148475713,1156342,140,91313.4766297663
2026-02,178399379,1359781,143,109716.71525215253
2026-03,220376647,1655812,139,135532.99323493234
2026-04,110089869,836763,147,67705.94649446495
2026-05,116919393,896844,147,71906.14575645757
2026-06,104958365,801272,152,64550.039975399755
