month,genotype,casper_read_pairs,casper_read_pairs_total,casper_fraction,calicinet_fraction
2023-12,GI (all),4579,6929,0.6608457208832443,
2023-12,GII.17,526,6929,0.0759128301342185,0.18
2023-12,GII.2,161,6929,0.023235676143743687,
2023-12,GII.3,39,6929,0.005628517823639775,
2023-12,GII.4,398,6929,0.057439745995093085,0.32
2023-12,GII.6,908,6929,0.1310434406119209,
2023-12,Other genotypes,318,6929,0.045894068408139706,0.5
2024-01,GI (all),15598,81416,0.19158396384003146,
2024-01,GII.17,47415,81416,0.5823793848874914,0.15
2024-01,GII.2,1655,81416,0.020327699715043727,
2024-01,GII.3,1085,81416,0.013326618846418394,
2024-01,GII.4,10895,81416,0.1338189053748649,0.3
2024-01,GII.6,1850,81416,0.022722806327994498,
2024-01,Other genotypes,2918,81416,0.035840621008155646,0.55
2024-02,GI (all),1031,7485,0.13774215096860387,
2024-02,GII.17,549,7485,0.07334669338677355,0.18
2024-02,GII.2,1383,7485,0.18476953907815633,
2024-02,GII.3,842,7485,0.11249164996659987,
2024-02,GII.4,1752,7485,0.23406813627254508,0.46
2024-02,GII.6,723,7485,0.09659318637274548,
2024-02,Other genotypes,1205,7485,0.16098864395457582,0.36
2024-03,GI (all),9765,69661,0.14017886622356843,
2024-03,GII.17,10899,69661,0.1564577023011441,0.31
2024-03,GII.2,14063,69661,0.20187766469042936,
2024-03,GII.3,5018,69661,0.07203456740500423,
2024-03,GII.4,14048,69661,0.20166233617088472,0.36
2024-03,GII.6,6771,69661,0.09719929372245589,
2024-03,Other genotypes,9097,69661,0.13058956948651326,0.33
2024-04,GI (all),3130,31801,0.09842457784346405,
2024-04,GII.17,10661,31801,0.33524103015628437,0.47
2024-04,GII.2,5204,31801,0.16364265274676898,
2024-04,GII.3,4021,31801,0.1264425646992233,
2024-04,GII.4,2792,31801,0.08779598125845099,0.24
2024-04,GII.6,2430,31801,0.07641269142479797,
2024-04,Other genotypes,3563,31801,0.11204050187101035,0.29
2024-05,GI (all),926,9540,0.09706498951781971,
2024-05,GII.17,2549,9540,0.2671907756813417,0.61
2024-05,GII.2,1325,9540,0.1388888888888889,
2024-05,GII.3,2254,9540,0.23626834381551362,
2024-05,GII.4,765,9540,0.08018867924528301,0.1
2024-05,GII.6,790,9540,0.08280922431865828,
2024-05,Other genotypes,931,9540,0.09758909853249476,0.29
2024-06,GI (all),2044,10852,0.1883523774419462,
2024-06,GII.17,4218,10852,0.38868411352746035,0.67
2024-06,GII.2,1472,10852,0.13564319941024697,
2024-06,GII.3,819,10852,0.07546995945447843,
2024-06,GII.4,261,10852,0.024050866199778843,0.13
2024-06,GII.6,838,10852,0.07722078879469223,
2024-06,Other genotypes,1200,10852,0.11057869517139697,0.2
2024-07,GI (all),1972,9043,0.21806922481477387,
2024-07,GII.17,3377,9043,0.37343801835674,0.67
2024-07,GII.2,164,9043,0.018135574477496405,
2024-07,GII.3,576,9043,0.06369567621364591,
2024-07,GII.4,762,9043,0.08426407165763573,0.17
2024-07,GII.6,691,9043,0.07641269490213425,
2024-07,Other genotypes,1501,9043,0.16598473957757381,0.16
2024-08,GI (all),233,914,0.2549234135667396,
2024-08,GII.17,299,914,0.32713347921225383,0.67
2024-08,GII.2,39,914,0.04266958424507659,
2024-08,GII.3,48,914,0.0525164113785558,
2024-08,GII.4,29,914,0.03172866520787746,0.13
2024-08,GII.6,40,914,0.0437636761487965,
2024-08,Other genotypes,226,914,0.24726477024070023,0.2
2024-09,GI (all),2167,6973,0.3107701132941345,
2024-09,GII.17,2099,6973,0.30101821310770116,0.43
2024-09,GII.2,501,6973,0.07184855872651656,
2024-09,GII.3,283,6973,0.040585114011186,
2024-09,GII.4,593,6973,0.0850423060375735,0.0
2024-09,GII.6,481,6973,0.06898035278933028,
2024-09,Other genotypes,849,6973,0.121755342033558,0.57
2024-10,GI (all),14111,85175,0.16567067801584973,
2024-10,GII.17,48594,85175,0.570519518638098,0.69
2024-10,GII.2,1791,85175,0.02102729674200176,
2024-10,GII.3,1143,85175,0.013419430584091577,
2024-10,GII.4,9693,85175,0.11380099794540652,0.1
2024-10,GII.6,3007,85175,0.03530378632227767,
2024-10,Other genotypes,6836,85175,0.08025829175227472,0.21
2024-11,GI (all),16529,113025,0.14624198186241982,
2024-11,GII.17,57754,113025,0.5109842955098429,0.65
2024-11,GII.2,2840,113025,0.025127184251271844,
2024-11,GII.3,3062,113025,0.027091351470913516,
2024-11,GII.4,6564,113025,0.05807564698075647,0.13
2024-11,GII.6,4538,113025,0.04015040920150409,
2024-11,Other genotypes,21738,113025,0.1923291307232913,0.22
2024-12,GI (all),50712,414575,0.12232286076102032,
2024-12,GII.17,234505,414575,0.5656515708858469,0.84
2024-12,GII.2,7572,414575,0.01826448772839655,
2024-12,GII.3,16981,414575,0.040960019296870286,
2024-12,GII.4,37859,414575,0.09132002653319665,0.06
2024-12,GII.6,18446,414575,0.04449375866851595,
2024-12,Other genotypes,48500,414575,0.11698727612615328,0.1
2025-01,GI (all),95016,857836,0.11076243011484713,
2025-01,GII.17,606128,857836,0.7065779472999502,0.82
2025-01,GII.2,8983,857836,0.010471698553103391,
2025-01,GII.3,16245,857836,0.018937186128817163,
2025-01,GII.4,48919,857836,0.05702605159960645,0.1
2025-01,GII.6,28505,857836,0.033228962179251045,
2025-01,Other genotypes,54040,857836,0.06299572412442471,0.08
2025-02,GI (all),44665,452591,0.0986873358065008,
2025-02,GII.17,319199,452591,0.7052703213276446,0.84
2025-02,GII.2,6128,452591,0.013539818511636334,
2025-02,GII.3,11567,452591,0.025557291240877526,
2025-02,GII.4,22812,452591,0.05040312334977938,0.1
2025-02,GII.6,13403,452591,0.029613933993384755,
2025-02,Other genotypes,34817,452591,0.0769281757701766,0.06
2025-03,GI (all),69596,467257,0.14894586918976066,
2025-03,GII.17,293581,467257,0.6283073340795322,0.7
2025-03,GII.2,6600,467257,0.014124989031732002,
2025-03,GII.3,9128,467257,0.019535287860856017,
2025-03,GII.4,38819,467257,0.0830784771549704,0.18
2025-03,GII.6,12526,467257,0.026807517062344705,
2025-03,Other genotypes,37007,467257,0.07920052562080397,0.12
2025-04,GI (all),80917,310344,0.2607332508442245,
2025-04,GII.17,134320,310344,0.43281004304900367,0.42
2025-04,GII.2,4386,310344,0.014132704353878277,
2025-04,GII.3,10114,310344,0.03258964246126879,
2025-04,GII.4,23054,310344,0.07428530920526899,0.33
2025-04,GII.6,9699,310344,0.03125241667311113,
2025-04,Other genotypes,47854,310344,0.15419663341324466,0.25
2025-05,GI (all),119286,331114,0.3602565883653364,
2025-05,GII.17,98538,331114,0.29759539010733466,
2025-05,GII.2,5852,331114,0.017673671303538963,
2025-05,GII.3,12560,331114,0.03793255495086285,
2025-05,GII.4,29408,331114,0.08881533248367632,
2025-05,GII.6,10980,331114,0.033160784503222455,
2025-05,Other genotypes,54490,331114,0.1645656782860284,
2025-06,GI (all),197317,449058,0.43940203715332987,
2025-06,GII.17,85452,449058,0.19029167724436488,
2025-06,GII.2,7693,449058,0.017131417322483956,
2025-06,GII.3,13096,449058,0.02916327066882229,
2025-06,GII.4,48462,449058,0.10791924428470265,
2025-06,GII.6,16905,449058,0.037645471186350095,
2025-06,Other genotypes,80133,449058,0.17844688213994628,
2025-07,GI (all),245466,397900,0.6169037446594622,
2025-07,GII.17,54417,397900,0.1367604925860769,
2025-07,GII.2,4508,397900,0.011329479768786127,
2025-07,GII.3,9070,397900,0.022794672028147774,
2025-07,GII.4,27592,397900,0.06934405629555164,
2025-07,GII.6,13078,397900,0.03286755466197537,
2025-07,Other genotypes,43769,397900,0.11,
2025-08,GI (all),174847,304384,0.5744290107232969,
2025-08,GII.17,35052,304384,0.11515716989066442,
2025-08,GII.2,13448,304384,0.04418103448275862,
2025-08,GII.3,9414,304384,0.03092803826745164,
2025-08,GII.4,29059,304384,0.09546822434819176,
2025-08,GII.6,9997,304384,0.03284338204373423,
2025-08,Other genotypes,32567,304384,0.10699314024390244,
2025-09,GI (all),214479,586004,0.3660026211425178,
2025-09,GII.17,56849,586004,0.09701128319943209,
2025-09,GII.2,95715,586004,0.16333506255929994,
2025-09,GII.3,21155,586004,0.036100436174497104,
2025-09,GII.4,87310,586004,0.14899215705012253,
2025-09,GII.6,18487,586004,0.031547566228216875,
2025-09,Other genotypes,92009,586004,0.15701087364591368,
2025-10,GI (all),329327,915614,0.359678860305762,
2025-10,GII.17,67887,915614,0.07414368937128528,
2025-10,GII.2,188779,915614,0.20617749400948435,
2025-10,GII.3,32350,915614,0.03533148248060864,
2025-10,GII.4,112903,915614,0.12330851210226143,
2025-10,GII.6,33660,915614,0.03676221639249728,
2025-10,Other genotypes,150708,915614,0.16459774533810098,
2025-11,GI (all),307021,752661,0.4079140542687877,
2025-11,GII.17,49062,752661,0.06518472459712939,
2025-11,GII.2,107568,752661,0.14291693072977077,
2025-11,GII.3,32611,752661,0.04332760698375497,
2025-11,GII.4,107557,752661,0.14290231591646171,
2025-11,GII.6,23126,752661,0.030725652053181975,
2025-11,Other genotypes,125716,752661,0.1670287154509135,
2025-12,GI (all),649942,1848397,0.35162467803182973,
2025-12,GII.17,121969,1848397,0.06598636548317272,
2025-12,GII.2,73840,1848397,0.039948128026609,
2025-12,GII.3,132033,1848397,0.07143108325754695,
2025-12,GII.4,293231,1848397,0.1586407032688324,
2025-12,GII.6,266973,1848397,0.14443488060194862,
2025-12,Other genotypes,310409,1848397,0.1679341613300606,
2026-01,GI (all),336866,1142757,0.29478358041123354,
2026-01,GII.17,100478,1142757,0.08792595451176409,
2026-01,GII.2,30553,1142757,0.026736217761081316,
2026-01,GII.3,95939,1142757,0.0839539814676261,
2026-01,GII.4,273193,1142757,0.2390648230551202,
2026-01,GII.6,32835,1142757,0.028733142741632734,
2026-01,Other genotypes,272893,1142757,0.23880230005154202,
2026-02,GI (all),356508,1345437,0.2649756175874456,
2026-02,GII.17,108641,1345437,0.08074774218339469,
2026-02,GII.2,28534,1345437,0.021207979266216107,
2026-02,GII.3,105051,1345437,0.07807946414436351,
2026-02,GII.4,354423,1345437,0.26342593521658764,
2026-02,GII.6,41515,1345437,0.03085614562406118,
2026-02,Other genotypes,350765,1345437,0.26070711597793134,
2026-03,GI (all),391727,1642425,0.2385052589920392,
2026-03,GII.17,138234,1642425,0.08416457372482762,
2026-03,GII.2,23596,1642425,0.014366561639039835,
2026-03,GII.3,113364,1642425,0.06902232978674826,
2026-03,GII.4,525975,1642425,0.3202429334672816,
2026-03,GII.6,43997,1642425,0.026787828972403612,
2026-03,Other genotypes,405532,1642425,0.24691051341765985,
2026-04,GI (all),172842,830611,0.20809018902952164,
2026-04,GII.17,82161,830611,0.09891633989918265,
2026-04,GII.2,9579,830611,0.011532474287000775,
2026-04,GII.3,47025,830611,0.05661494971773791,
2026-04,GII.4,280122,830611,0.3372481221654902,
2026-04,GII.6,31636,830611,0.03808762465221385,
2026-04,Other genotypes,207246,830611,0.24951030024885296,
2026-05,GI (all),259923,888703,0.29247453873791357,
2026-05,GII.17,95011,888703,0.10690973249780861,
2026-05,GII.2,10163,888703,0.01143576650467029,
2026-05,GII.3,47124,888703,0.05302558897629467,
2026-05,GII.4,215204,888703,0.2421551406937976,
2026-05,GII.6,28718,888703,0.032314507771437705,
2026-05,Other genotypes,232560,888703,0.2616847248180776,
2026-06,GI (all),282055,789557,0.3572319667864385,
2026-06,GII.17,74722,789557,0.09463787921581343,
2026-06,GII.2,11887,789557,0.015055277833012689,
2026-06,GII.3,50484,789557,0.06393965223536743,
2026-06,GII.4,149698,789557,0.18959745781495194,
2026-06,GII.6,29188,789557,0.036967565356269404,
2026-06,Other genotypes,191523,789557,0.24257020075814667,
