month,group,casper_fraction,cdc_fraction,n_samples,n_sites,n_pairs,mean_depth,breadth_1x,breadth_10x,resid,group_label
2023-12,BA.2.86,0.09890131758289869,0.02095714766918091,1,1,759,6.439487676821724,0.9562585693743104,0.2273016085342607,14.813723945595532,BA.2.86* (excl. JN.1)
2023-12,JN.1,0.4566545746400642,0.31672549777895004,1,1,759,6.439487676821724,0.9562585693743104,0.2273016085342607,14.813723945595532,JN.1* (other)
2023-12,Other,0.15872986920571225,0.02167210306836758,1,1,759,6.439487676821724,0.9562585693743104,0.2273016085342607,14.813723945595532,Other
2023-12,XBB,0.28571423857132483,0.6406452514835016,1,1,759,6.439487676821724,0.9562585693743104,0.2273016085342607,14.813723945595532,XBB*
2024-01,BA.2.86,,0.017076179372263706,3,2,1103,9.360532388054713,0.9751195532220848,0.4003946092365315,15.572999642139226,BA.2.86* (excl. JN.1)
2024-01,JN.1,0.5500058350647693,0.7414381926856775,3,2,1103,9.360532388054713,0.9751195532220848,0.4003946092365315,15.572999642139226,JN.1* (other)
2024-01,KP.3,,9.486766059221393e-05,3,2,1103,9.360532388054713,0.9751195532220848,0.4003946092365315,15.572999642139226,KP.3*
2024-01,LP.8.1,,4.7433830296106965e-05,3,2,1103,9.360532388054713,0.9751195532220848,0.4003946092365315,15.572999642139226,LP.8.1*
2024-01,Other,,0.016459538821714317,3,2,1103,9.360532388054713,0.9751195532220848,0.4003946092365315,15.572999642139226,Other
2024-01,XBB,0.4499941649352308,0.22478891996886402,3,2,1103,9.360532388054713,0.9751195532220848,0.4003946092365315,15.572999642139226,XBB*
2024-01,XEC,,9.486766059221393e-05,3,2,1103,9.360532388054713,0.9751195532220848,0.4003946092365315,15.572999642139226,XEC*
2024-02,BA.2.86,0.010136745772944244,0.012110383398556732,1,1,516,4.192522489382336,0.5153997926629436,0.0263518710497274,3.6908961563008376,BA.2.86* (excl. JN.1)
2024-02,JN.1,0.7431949018736999,0.9131096532024766,1,1,516,4.192522489382336,0.5153997926629436,0.0263518710497274,3.6908961563008376,JN.1* (other)
2024-02,KP.2,,0.000330884799466967,1,1,516,4.192522489382336,0.5153997926629436,0.0263518710497274,3.6908961563008376,KP.2*
2024-02,KP.3,,0.0001323539197867468,1,1,516,4.192522489382336,0.5153997926629436,0.0263518710497274,3.6908961563008376,KP.3*
2024-02,Other,0.05875008875961624,0.020978096053375368,1,1,516,4.192522489382336,0.5153997926629436,0.0263518710497274,3.6908961563008376,Other
2024-02,XBB,0.18791826359373964,0.05327245166644428,1,1,516,4.192522489382336,0.5153997926629436,0.0263518710497274,3.6908961563008376,XBB*
2024-02,XEC,,6.61769598933734e-05,1,1,516,4.192522489382336,0.5153997926629436,0.0263518710497274,3.6908961563008376,XEC*
2024-03,BA.2.86,,0.00587482491506585,6,3,1717,13.742801725579373,0.9191719894324984,0.2717787512958566,5.877917652961508,BA.2.86* (excl. JN.1)
2024-03,JN.1,0.8990765309699568,0.9131770142044751,6,3,1717,13.742801725579373,0.9191719894324984,0.2717787512958566,5.877917652961508,JN.1* (other)
2024-03,KP.2,,0.02704863546661564,6,3,1717,13.742801725579373,0.9191719894324984,0.2717787512958566,5.877917652961508,KP.2*
2024-03,KP.3,,0.007363061463464554,6,3,1717,13.742801725579373,0.9191719894324984,0.2717787512958566,5.877917652961508,KP.3*
2024-03,Other,0.022306283823296125,0.030351035223129874,6,3,1717,13.742801725579373,0.9191719894324984,0.2717787512958566,5.877917652961508,Other
2024-03,XBB,0.07861718520674714,0.01597692944503906,6,3,1717,13.742801725579373,0.9191719894324984,0.2717787512958566,5.877917652961508,XBB*
2024-03,XEC,,0.00020849928221004175,6,3,1717,13.742801725579373,0.9191719894324984,0.2717787512958566,5.877917652961508,XEC*
2024-04,BA.2.86,,0.0027770765442696704,5,1,1338,11.5169380998562,0.9077350098652308,0.3121425943885229,3.842378210970329,BA.2.86* (excl. JN.1)
2024-04,JN.1,0.9682010736097206,0.7331481981702601,5,1,1338,11.5169380998562,0.9077350098652308,0.3121425943885229,3.842378210970329,JN.1* (other)
2024-04,KP.2,,0.14011612948433727,5,1,1338,11.5169380998562,0.9077350098652308,0.3121425943885229,3.842378210970329,KP.2*
2024-04,KP.3,,0.07548598904717309,5,1,1338,11.5169380998562,0.9077350098652308,0.3121425943885229,3.842378210970329,KP.3*
2024-04,Other,0.02737342983243326,0.043170915365234916,5,1,1338,11.5169380998562,0.9077350098652308,0.3121425943885229,3.842378210970329,Other
2024-04,XBB,0.004425496557846009,0.005301691388725099,5,1,1338,11.5169380998562,0.9077350098652308,0.3121425943885229,3.842378210970329,XBB*
2024-05,BA.2.86,,0.001426279179270799,4,1,1896,16.2903053205364,0.817041768384443,0.282647226030833,4.849673011950595,BA.2.86* (excl. JN.1)
2024-05,JN.1,0.8380495546572315,0.5254055940317804,4,1,1896,16.2903053205364,0.817041768384443,0.282647226030833,4.849673011950595,JN.1* (other)
2024-05,KP.2,0.07985980715103794,0.2002139431807425,4,1,1896,16.2903053205364,0.817041768384443,0.282647226030833,4.849673011950595,KP.2*
2024-05,KP.3,,0.2424674667624727,4,1,1896,16.2903053205364,0.817041768384443,0.282647226030833,4.849673011950595,KP.3*
2024-05,Other,0.05047310759214344,0.02923872253476784,4,1,1896,16.2903053205364,0.817041768384443,0.282647226030833,4.849673011950595,Other
2024-05,XBB,0.03161753059958712,0.0012479943109656865,4,1,1896,16.2903053205364,0.817041768384443,0.282647226030833,4.849673011950595,XBB*
2024-06,BA.2.86,,0.00010453689679523062,4,1,4016,33.97933317727318,0.8646289669932783,0.4874092900377889,5.1787853828372725,BA.2.86* (excl. JN.1)
2024-06,JN.1,0.6332367257505418,0.44250470233881956,4,1,4016,33.97933317727318,0.8646289669932783,0.4874092900377889,5.1787853828372725,JN.1* (other)
2024-06,KP.2,0.17308808560868744,0.22109554052004438,4,1,4016,33.97933317727318,0.8646289669932783,0.4874092900377889,5.1787853828372725,KP.2*
2024-06,KP.3,0.13521390109613218,0.3188375578537992,4,1,4016,33.97933317727318,0.8646289669932783,0.4874092900377889,5.1787853828372725,KP.3*
2024-06,Other,0.022578676867428475,0.016725904112975087,4,1,4016,33.97933317727318,0.8646289669932783,0.4874092900377889,5.1787853828372725,Other
2024-06,XBB,0.0358826106772101,0.0007317582775666143,4,1,4016,33.97933317727318,0.8646289669932783,0.4874092900377889,5.1787853828372725,XBB*
2024-07,BA.2.86,,0.00014774322442099883,4,1,3881,32.1273450824332,0.9589338862321506,0.6509714744340033,5.375124449903346,BA.2.86* (excl. JN.1)
2024-07,JN.1,0.3793091127346072,0.36647706582621775,4,1,3881,32.1273450824332,0.9589338862321506,0.6509714744340033,5.375124449903346,JN.1* (other)
2024-07,KP.2,0.45800049642967544,0.23646302133624517,4,1,3881,32.1273450824332,0.9589338862321506,0.6509714744340033,5.375124449903346,KP.2*
2024-07,KP.3,0.16269039083571737,0.38413238073707745,4,1,3881,32.1273450824332,0.9589338862321506,0.6509714744340033,5.375124449903346,KP.3*
2024-07,Other,,0.011154613451063212,4,1,3881,32.1273450824332,0.9589338862321506,0.6509714744340033,5.375124449903346,Other
2024-07,XBB,,0.0005909728976839953,4,1,3881,32.1273450824332,0.9589338862321506,0.6509714744340033,5.375124449903346,XBB*
2024-07,XEC,,0.0010342025272913914,4,1,3881,32.1273450824332,0.9589338862321506,0.6509714744340033,5.375124449903346,XEC*
2024-08,BA.2.86,0.0407343534593631,6.947339081236049e-05,4,1,615,3.857572818780724,0.8108550981506872,0.0599939805370698,5.388385995888038,BA.2.86* (excl. JN.1)
2024-08,JN.1,0.12962469214786376,0.30165346351883193,4,1,615,3.857572818780724,0.8108550981506872,0.0599939805370698,5.388385995888038,JN.1* (other)
2024-08,KP.2,0.18519118897930603,0.20564124448825963,4,1,615,3.857572818780724,0.8108550981506872,0.0599939805370698,5.388385995888038,KP.2*
2024-08,KP.3,0.4444444533334672,0.4719327472086645,4,1,615,3.857572818780724,0.8108550981506872,0.0599939805370698,5.388385995888038,KP.3*
2024-08,Other,0.20000531207999991,0.011324163124434267,4,1,615,3.857572818780724,0.8108550981506872,0.0599939805370698,5.388385995888038,Other
2024-08,XBB,,0.00027789356324954193,4,1,615,3.857572818780724,0.8108550981506872,0.0599939805370698,5.388385995888038,XBB*
2024-08,XEC,,0.009101014705747831,4,1,615,3.857572818780724,0.8108550981506872,0.0599939805370698,5.388385995888038,XEC*
2024-09,JN.1,0.7901198908666982,0.21151364082088336,19,8,1286,8.686285656957496,0.9660903588268736,0.351302544895161,7.483581139287122,JN.1* (other)
2024-09,KP.2,0.05200031385064582,0.14456587344895402,19,8,1286,8.686285656957496,0.9660903588268736,0.351302544895161,7.483581139287122,KP.2*
2024-09,KP.3,0.157879795282656,0.5927200721345313,19,8,1286,8.686285656957496,0.9660903588268736,0.351302544895161,7.483581139287122,KP.3*
2024-09,LP.8.1,,8.605111424726995e-05,19,8,1286,8.686285656957496,0.9660903588268736,0.351302544895161,7.483581139287122,LP.8.1*
2024-09,Other,,0.017898632047211652,19,8,1286,8.686285656957496,0.9660903588268736,0.351302544895161,7.483581139287122,Other
2024-09,XBB,,0.0003442044569890798,19,8,1286,8.686285656957496,0.9660903588268736,0.351302544895161,7.483581139287122,XBB*
2024-09,XEC,,0.032871525977183326,19,8,1286,8.686285656957496,0.9660903588268736,0.351302544895161,7.483581139287122,XEC*
2024-10,JN.1,,0.1268399042847654,25,10,1077,9.185566665551953,0.855031267765776,0.366585292445574,4.439557309911237,JN.1* (other)
2024-10,KP.2,,0.07196074845154665,25,10,1077,9.185566665551953,0.855031267765776,0.366585292445574,4.439557309911237,KP.2*
2024-10,KP.3,1.0,0.6467381477830288,25,10,1077,9.185566665551953,0.855031267765776,0.366585292445574,4.439557309911237,KP.3*
2024-10,LP.8.1,,0.003089223950323014,25,10,1077,9.185566665551953,0.855031267765776,0.366585292445574,4.439557309911237,LP.8.1*
2024-10,Other,,0.025985825690673307,25,10,1077,9.185566665551953,0.855031267765776,0.366585292445574,4.439557309911237,Other
2024-10,XBB,,0.0005451571856798141,25,10,1077,9.185566665551953,0.855031267765776,0.366585292445574,4.439557309911237,XBB*
2024-10,XEC,,0.12484099265398287,25,10,1077,9.185566665551953,0.855031267765776,0.366585292445574,4.439557309911237,XEC*
2024-11,JN.1,,0.09418221767201654,35,11,1526,13.553623382269338,0.9739825435575026,0.5817142092766612,7.731903683575267,JN.1* (other)
2024-11,KP.2,,0.023271130871896077,35,11,1526,13.553623382269338,0.9739825435575026,0.5817142092766612,7.731903683575267,KP.2*
2024-11,KP.3,0.7692306992307356,0.5727771699942977,35,11,1526,13.553623382269338,0.9739825435575026,0.5817142092766612,7.731903683575267,KP.3*
2024-11,LP.8.1,,0.020856201917004085,35,11,1526,13.553623382269338,0.9739825435575026,0.5817142092766612,7.731903683575267,LP.8.1*
2024-11,Other,,0.053567507847818586,35,11,1526,13.553623382269338,0.9739825435575026,0.5817142092766612,7.731903683575267,Other
2024-11,XBB,,0.0002195389707641262,35,11,1526,13.553623382269338,0.9739825435575026,0.5817142092766612,7.731903683575267,XBB*
2024-11,XEC,0.23076930076926438,0.23512623272620278,35,11,1526,13.553623382269338,0.9739825435575026,0.5817142092766612,7.731903683575267,XEC*
2024-12,JN.1,0.1937119299879347,0.0790960436268726,42,10,4700,41.35250643748119,0.9984951342674648,0.969568270742066,9.169685890251474,JN.1* (other)
2024-12,KP.2,,0.007875363803546061,42,10,4700,41.35250643748119,0.9984951342674648,0.969568270742066,9.169685890251474,KP.2*
2024-12,KP.3,0.3666813877538669,0.44427325033865794,42,10,4700,41.35250643748119,0.9984951342674648,0.969568270742066,9.169685890251474,KP.3*
2024-12,LP.8.1,0.06250368081349446,0.04999144018363102,42,10,4700,41.35250643748119,0.9984951342674648,0.969568270742066,9.169685890251474,LP.8.1*
2024-12,Other,0.16536522835334397,0.06985105240816647,42,10,4700,41.35250643748119,0.9984951342674648,0.969568270742066,9.169685890251474,Other
2024-12,XBB,,0.000171203559681247,42,10,4700,41.35250643748119,0.9984951342674648,0.969568270742066,9.169685890251474,XBB*
2024-12,XEC,0.21173777309136,0.3487416460794447,42,10,4700,41.35250643748119,0.9984951342674648,0.969568270742066,9.169685890251474,XEC*
2025-01,JN.1,0.1250005950018802,0.07917811883391777,44,12,5399,48.03855800421363,0.9957194930274554,0.953416045212855,9.596799556076473,JN.1* (other)
2025-01,KP.2,,0.005889281688106629,44,12,5399,48.03855800421363,0.9957194930274554,0.953416045212855,9.596799556076473,KP.2*
2025-01,KP.3,0.18439038267360924,0.3312393713072068,44,12,5399,48.03855800421363,0.9957194930274554,0.953416045212855,9.596799556076473,KP.3*
2025-01,LP.8.1,0.3050681840154615,0.11438293669002217,44,12,5399,48.03855800421363,0.9957194930274554,0.953416045212855,9.596799556076473,LP.8.1*
2025-01,Other,,0.06007067172857179,44,12,5399,48.03855800421363,0.9957194930274554,0.953416045212855,9.596799556076473,Other
2025-01,XBB,,0.00026174585474498353,44,12,5399,48.03855800421363,0.9957194930274554,0.953416045212855,9.596799556076473,XBB*
2025-01,XEC,0.38554083830904906,0.4089778738974298,44,12,5399,48.03855800421363,0.9957194930274554,0.953416045212855,9.596799556076473,XEC*
2025-02,JN.1,0.3192212019991403,0.08837897817080805,50,13,4571,40.14787813931713,0.998729224492526,0.9661572417483196,9.428397315669304,JN.1* (other)
2025-02,KP.2,,0.002664692802442558,50,13,4571,40.14787813931713,0.998729224492526,0.9661572417483196,9.428397315669304,KP.2*
2025-02,KP.3,0.10591261530084889,0.22679496997163215,50,13,4571,40.14787813931713,0.998729224492526,0.9661572417483196,9.428397315669304,KP.3*
2025-02,LP.8.1,0.27272612090435694,0.24840858251365344,50,13,4571,40.14787813931713,0.998729224492526,0.9661572417483196,9.428397315669304,LP.8.1*
2025-02,Other,0.034469441669405264,0.052701702765375134,50,13,4571,40.14787813931713,0.998729224492526,0.9661572417483196,9.428397315669304,Other
2025-02,XEC,0.26767062012624876,0.38090303528059666,50,13,4571,40.14787813931713,0.998729224492526,0.9661572417483196,9.428397315669304,XEC*
2025-02,XFG,,0.00014803849549208098,50,13,4571,40.14787813931713,0.998729224492526,0.9661572417483196,9.428397315669304,XFG*
2025-03,JN.1,0.3419893958711374,0.10226629019240287,65,14,4329,38.24208273417383,0.9960539076346856,0.9028859980603952,7.607262849755814,JN.1* (other)
2025-03,KP.2,,0.0014524842679057022,65,14,4329,38.24208273417383,0.9960539076346856,0.9028859980603952,7.607262849755814,KP.2*
2025-03,KP.3,0.41991608889682497,0.14508402250783514,65,14,4329,38.24208273417383,0.9960539076346856,0.9028859980603952,7.607262849755814,KP.3*
2025-03,LP.8.1,0.14285581713174755,0.4764118519232867,65,14,4329,38.24208273417383,0.9960539076346856,0.9028859980603952,7.607262849755814,LP.8.1*
2025-03,NB.1.8.1,,0.002927815619336929,65,14,4329,38.24208273417383,0.9960539076346856,0.9028859980603952,7.607262849755814,NB.1.8.1*
2025-03,Other,,0.04488062112069702,65,14,4329,38.24208273417383,0.9960539076346856,0.9028859980603952,7.607262849755814,Other
2025-03,XBB,,0.0013930092082557399,65,14,4329,38.24208273417383,0.9960539076346856,0.9028859980603952,7.607262849755814,XBB*
2025-03,XEC,0.09523869810029008,0.22094285808877018,65,14,4329,38.24208273417383,0.9960539076346856,0.9028859980603952,7.607262849755814,XEC*
2025-03,XFG,,0.0046410470715096035,65,14,4329,38.24208273417383,0.9960539076346856,0.9028859980603952,7.607262849755814,XFG*
2025-04,JN.1,0.19999939999949,0.08084932684206413,73,15,3542,30.94702872621476,0.9956860515667324,0.8263384944654383,9.070815745120049,JN.1* (other)
2025-04,KP.3,0.46666773666757616,0.08207431616998487,73,15,3542,30.94702872621476,0.9956860515667324,0.8263384944654383,9.070815745120049,KP.3*
2025-04,LP.8.1,0.13128159158935288,0.6153531994019822,73,15,3542,30.94702872621476,0.9956860515667324,0.8263384944654383,9.070815745120049,LP.8.1*
2025-04,NB.1.8.1,,0.031033075954296416,73,15,3542,30.94702872621476,0.9956860515667324,0.8263384944654383,9.070815745120049,NB.1.8.1*
2025-04,Other,0.202051271743581,0.059207840275356485,73,15,3542,30.94702872621476,0.9956860515667324,0.8263384944654383,9.070815745120049,Other
2025-04,XBB,,0.0004083299505964858,73,15,3542,30.94702872621476,0.9956860515667324,0.8263384944654383,9.070815745120049,XBB*
2025-04,XEC,,0.09309922896883477,73,15,3542,30.94702872621476,0.9956860515667324,0.8263384944654383,9.070815745120049,XEC*
2025-04,XFG,,0.03797468243688462,73,15,3542,30.94702872621476,0.9956860515667324,0.8263384944654383,9.070815745120049,XFG*
2025-05,JN.1,0.16392227113040228,0.07030481685126576,74,15,6349,55.64381500183928,0.9977928635922816,0.9782964919907702,15.155636880429604,JN.1* (other)
2025-05,KP.3,,0.04375614595437239,74,15,6349,55.64381500183928,0.9977928635922816,0.9782964919907702,15.155636880429604,KP.3*
2025-05,LP.8.1,0.6707535457624996,0.527040318899579,74,15,6349,55.64381500183928,0.9977928635922816,0.9782964919907702,15.155636880429604,LP.8.1*
2025-05,NB.1.8.1,0.03703877222466884,0.11750245863204194,74,15,6349,55.64381500183928,0.9977928635922816,0.9782964919907702,15.155636880429604,NB.1.8.1*
2025-05,Other,0.0923523802168561,0.06342182781780469,74,15,6349,55.64381500183928,0.9977928635922816,0.9782964919907702,15.155636880429604,Other
2025-05,XEC,0.01869142635491116,0.05555555325635303,74,15,6349,55.64381500183928,0.9977928635922816,0.9782964919907702,15.155636880429604,XEC*
2025-05,XFG,0.017241604310662077,0.12241887858858316,74,15,6349,55.64381500183928,0.9977928635922816,0.9782964919907702,15.155636880429604,XFG*
2025-06,JN.1,0.1410219715300951,0.04477611864194137,108,20,14053,124.81470086613383,0.9982944855031268,0.9959535832525164,14.65629072366438,JN.1* (other)
2025-06,KP.3,,0.01799824414447688,108,20,14053,124.81470086613383,0.9982944855031268,0.9959535832525164,14.65629072366438,KP.3*
2025-06,LP.8.1,0.3152343587343379,0.3489903419797171,108,20,14053,124.81470086613383,0.9982944855031268,0.9959535832525164,14.65629072366438,LP.8.1*
2025-06,NB.1.8.1,0.12441115365743034,0.18788411446681044,108,20,14053,124.81470086613383,0.9982944855031268,0.9959535832525164,14.65629072366438,NB.1.8.1*
2025-06,Other,0.17013288790298442,0.06321334494435218,108,20,14053,124.81470086613383,0.9982944855031268,0.9959535832525164,14.65629072366438,Other
2025-06,XEC,0.0075027871063546026,0.023705004863449123,108,20,14053,124.81470086613383,0.9982944855031268,0.9959535832525164,14.65629072366438,XEC*
2025-06,XFG,0.24169684106879766,0.3134328309592529,108,20,14053,124.81470086613383,0.9982944855031268,0.9959535832525164,14.65629072366438,XFG*
2025-07,JN.1,0.034875791274232674,0.032617557669125885,102,19,14639,130.3873858810153,0.9974250075243286,0.9965889710062537,14.033291279311824,JN.1* (other)
2025-07,KP.2,,0.00027181298081856403,102,19,14639,130.3873858810153,0.9974250075243286,0.9965889710062537,14.033291279311824,KP.2*
2025-07,KP.3,,0.007338950627620727,102,19,14639,130.3873858810153,0.9974250075243286,0.9965889710062537,14.033291279311824,KP.3*
2025-07,LP.8.1,0.1752258668877788,0.20358792487411373,102,19,14639,130.3873858810153,0.9974250075243286,0.9965889710062537,14.033291279311824,LP.8.1*
2025-07,NB.1.8.1,0.10552798437207046,0.16879586880085506,102,19,14639,130.3873858810153,0.9974250075243286,0.9965889710062537,14.033291279311824,NB.1.8.1*
2025-07,Other,0.1872833242428278,0.0429464526573577,102,19,14639,130.3873858810153,0.9974250075243286,0.9965889710062537,14.033291279311824,Other
2025-07,XEC,,0.010600706339236196,102,19,14639,130.3873858810153,0.9974250075243286,0.9965889710062537,14.033291279311824,XEC*
2025-07,XFG,0.4970870332230903,0.5338407260508722,102,19,14639,130.3873858810153,0.9974250075243286,0.9965889710062537,14.033291279311824,XFG*
2025-08,JN.1,0.050318985633399586,0.024482419117815245,106,27,24465,218.5210179580644,0.9987626659532488,0.9978931879744508,13.228360962833976,JN.1* (other)
2025-08,KP.3,0.0281765350034677,0.00279329611966801,106,27,24465,218.5210179580644,0.9987626659532488,0.9978931879744508,13.228360962833976,KP.3*
2025-08,LP.8.1,0.06047278977362604,0.10400920454060025,106,27,24465,218.5210179580644,0.9987626659532488,0.9978931879744508,13.228360962833976,LP.8.1*
2025-08,NB.1.8.1,0.06627100219582811,0.1302990487292601,106,27,24465,218.5210179580644,0.9987626659532488,0.9978931879744508,13.228360962833976,NB.1.8.1*
2025-08,Other,0.14827437803486657,0.04666447663629222,106,27,24465,218.5210179580644,0.9987626659532488,0.9978931879744508,13.228360962833976,Other
2025-08,XBB,,0.0004929346221930371,106,27,24465,218.5210179580644,0.9987626659532488,0.9978931879744508,13.228360962833976,XBB*
2025-08,XEC,,0.004436411410563134,106,27,24465,218.5210179580644,0.9987626659532488,0.9978931879744508,13.228360962833976,XEC*
2025-08,XFG,0.646486309358812,0.6868222088236081,106,27,24465,218.5210179580644,0.9987626659532488,0.9978931879744508,13.228360962833976,XFG*
2025-09,JN.1,0.020223986736017427,0.014569536287496172,140,28,39042,345.6752165334582,0.9988964317961408,0.9982276025816808,12.486843851981902,JN.1* (other)
2025-09,KP.3,,0.001135288550954081,140,28,39042,345.6752165334582,0.9988964317961408,0.9982276025816808,12.486843851981902,KP.3*
2025-09,LP.8.1,0.021071469189929016,0.05298013505541309,140,28,39042,345.6752165334582,0.9988964317961408,0.9982276025816808,12.486843851981902,LP.8.1*
2025-09,NB.1.8.1,0.06416974069759432,0.10785241341748662,140,28,39042,345.6752165334582,0.9988964317961408,0.9982276025816808,12.486843851981902,NB.1.8.1*
2025-09,Other,0.061144750837288,0.04333018026227467,140,28,39042,345.6752165334582,0.9988964317961408,0.9982276025816808,12.486843851981902,Other
2025-09,XEC,,0.002270577043700561,140,28,39042,345.6752165334582,0.9988964317961408,0.9982276025816808,12.486843851981902,XEC*
2025-09,XFG,0.8333900525391713,0.7778618693826748,140,28,39042,345.6752165334582,0.9988964317961408,0.9982276025816808,12.486843851981902,XFG*
2025-10,JN.1,,0.010943912587570583,136,28,15467,136.44089221817208,0.9983613684245728,0.9972912416814368,13.336389601997237,JN.1* (other)
2025-10,LP.8.1,0.0379758839304967,0.023255814190380024,136,28,15467,136.44089221817208,0.9983613684245728,0.9972912416814368,13.336389601997237,LP.8.1*
2025-10,NB.1.8.1,0.05555469832873003,0.09849521407393945,136,28,15467,136.44089221817208,0.9983613684245728,0.9972912416814368,13.336389601997237,NB.1.8.1*
2025-10,Other,0.11614802371488735,0.06292749656362376,136,28,15467,136.44089221817208,0.9983613684245728,0.9972912416814368,13.336389601997237,Other
2025-10,XEC,,0.0013679891316539612,136,28,15467,136.44089221817208,0.9983613684245728,0.9972912416814368,13.336389601997237,XEC*
2025-10,XFG,0.790321394025886,0.8030095734528322,136,28,15467,136.44089221817208,0.9983613684245728,0.9972912416814368,13.336389601997237,XFG*
2025-11,JN.1,0.017281744415887753,0.015003261335407496,125,27,10012,88.96448516871217,0.9983613684245728,0.9959870247132396,13.30648426527726,JN.1* (other)
2025-11,KP.3,,0.0006523157431350044,125,27,10012,88.96448516871217,0.9983613684245728,0.9959870247132396,13.30648426527726,KP.3*
2025-11,LP.8.1,0.005405984498257917,0.02087410284900053,125,27,10012,88.96448516871217,0.9983613684245728,0.9959870247132396,13.30648426527726,LP.8.1*
2025-11,NB.1.8.1,0.08334245353669352,0.09393346107427247,125,27,10012,88.96448516871217,0.9983613684245728,0.9959870247132396,13.30648426527726,NB.1.8.1*
2025-11,Other,0.16399037078544718,0.06066536160863428,125,27,10012,88.96448516871217,0.9983613684245728,0.9959870247132396,13.30648426527726,Other
2025-11,XEC,,0.0006523157431350044,125,27,10012,88.96448516871217,0.9983613684245728,0.9959870247132396,13.30648426527726,XEC*
2025-11,XFG,0.7299794467637136,0.8082191816464152,125,27,10012,88.96448516871217,0.9983613684245728,0.9959870247132396,13.30648426527726,XFG*
2025-12,JN.1,0.005558837631340031,0.005047955505532349,153,30,17026,150.36360900244122,0.9987626659532488,0.9969568270742066,13.227516134943023,JN.1* (other)
2025-12,KP.3,,0.0020191823419113816,153,30,17026,150.36360900244122,0.9987626659532488,0.9969568270742066,13.227516134943023,KP.3*
2025-12,LP.8.1,0.0027031047146779522,0.006562342261965986,153,30,17026,150.36360900244122,0.9987626659532488,0.9969568270742066,13.227516134943023,LP.8.1*
2025-12,NB.1.8.1,0.037772837425139816,0.10449268200296294,153,30,17026,150.36360900244122,0.9987626659532488,0.9969568270742066,13.227516134943023,NB.1.8.1*
2025-12,Other,0.1981669200793971,0.09338718110151056,153,30,17026,150.36360900244122,0.9987626659532488,0.9969568270742066,13.227516134943023,Other
2025-12,XBB,,0.0015143866400181346,153,30,17026,150.36360900244122,0.9987626659532488,0.9969568270742066,13.227516134943023,XBB*
2025-12,XEC,,0.0010095911709556908,153,30,17026,150.36360900244122,0.9987626659532488,0.9969568270742066,13.227516134943023,XEC*
2025-12,XFG,0.7557983001494452,0.7859666789751429,153,30,17026,150.36360900244122,0.9987626659532488,0.9969568270742066,13.227516134943023,XFG*
2026-01,JN.1,0.026486986024157128,0.012083098840207659,140,30,15405,138.34019997993514,0.9988629903354178,0.9978931879744508,13.719646503093324,JN.1* (other)
2026-01,KP.3,,0.0030141732444862236,140,30,15405,138.34019997993514,0.9988629903354178,0.9978931879744508,13.719646503093324,KP.3*
2026-01,LP.8.1,,0.002308875547303365,140,30,15405,138.34019997993514,0.9988629903354178,0.9978931879744508,13.719646503093324,LP.8.1*
2026-01,NB.1.8.1,0.05639401710631131,0.1117299820326536,140,30,15405,138.34019997993514,0.9988629903354178,0.9978931879744508,13.719646503093324,NB.1.8.1*
2026-01,Other,0.1468256636370981,0.11546771577415188,140,30,15405,138.34019997993514,0.9988629903354178,0.9978931879744508,13.719646503093324,Other
2026-01,XEC,,0.00031933357059242746,140,30,15405,138.34019997993514,0.9988629903354178,0.9978931879744508,13.719646503093324,XEC*
2026-01,XFG,0.7702933332324334,0.7550768209906048,140,30,15405,138.34019997993514,0.9988629903354178,0.9978931879744508,13.719646503093324,XFG*
2026-02,JN.1,0.11463702622511734,0.016747704493343236,143,30,8657,80.43253185299133,0.9988629903354178,0.9961876734775776,17.81977675875151,JN.1* (other)
2026-02,KP.3,,0.005402485418071988,143,30,8657,80.43253185299133,0.9988629903354178,0.9961876734775776,17.81977675875151,KP.3*
2026-02,LP.8.1,,0.001620745590496836,143,30,8657,80.43253185299133,0.9988629903354178,0.9961876734775776,17.81977675875151,LP.8.1*
2026-02,NB.1.8.1,0.03401409054966133,0.16531604964861957,143,30,8657,80.43253185299133,0.9988629903354178,0.9961876734775776,17.81977675875151,NB.1.8.1*
2026-02,Other,0.19200403929036905,0.11615343317071222,143,30,8657,80.43253185299133,0.9988629903354178,0.9961876734775776,17.81977675875151,Other
2026-02,XFG,0.6593448439348523,0.6947595816787562,143,30,8657,80.43253185299133,0.9988629903354178,0.9961876734775776,17.81977675875151,XFG*
2026-03,JN.1,0.2540930228770994,0.02051835850013917,139,30,5170,48.08173093000702,0.9988964317961408,0.985252315821155,20.907063431853587,JN.1* (other)
2026-03,KP.3,,0.003239740742285826,139,30,5170,48.08173093000702,0.9988964317961408,0.985252315821155,20.907063431853587,KP.3*
2026-03,LP.8.1,,0.0010799135807619087,139,30,5170,48.08173093000702,0.9988964317961408,0.985252315821155,20.907063431853587,LP.8.1*
2026-03,NB.1.8.1,0.03572917932242295,0.17602591948497232,139,30,5170,48.08173093000702,0.9988964317961408,0.985252315821155,20.907063431853587,NB.1.8.1*
2026-03,Other,0.04087582298134565,0.14254859813210397,139,30,5170,48.08173093000702,0.9988964317961408,0.985252315821155,20.907063431853587,Other
2026-03,XEC,,0.0010799135807619087,139,30,5170,48.08173093000702,0.9988964317961408,0.985252315821155,20.907063431853587,XEC*
2026-03,XFG,0.669301974819132,0.6555075559789749,139,30,5170,48.08173093000702,0.9988964317961408,0.985252315821155,20.907063431853587,XFG*
2026-04,JN.1,0.12096602466769961,0.03341288844385747,147,29,1690,15.60117713941745,0.9593017423001036,0.6397351436310738,19.255598120536433,JN.1* (other)
2026-04,KP.3,,0.0023866349221084767,147,29,1690,15.60117713941745,0.9593017423001036,0.6397351436310738,19.255598120536433,KP.3*
2026-04,NB.1.8.1,,0.16945106759534032,147,29,1690,15.60117713941745,0.9593017423001036,0.6397351436310738,19.255598120536433,NB.1.8.1*
2026-04,Other,0.12903215032197082,0.1145584723030867,147,29,1690,15.60117713941745,0.9593017423001036,0.6397351436310738,19.255598120536433,Other
2026-04,XFG,0.7500018250103295,0.6801909367356069,147,29,1690,15.60117713941745,0.9593017423001036,0.6397351436310738,19.255598120536433,XFG*
2026-05,JN.1,0.2682929458537427,0.024896265417182806,147,29,1440,13.112229542186403,0.8654650035113534,0.5022907400595258,18.213017407613616,JN.1* (other)
2026-05,LP.8.1,,0.004149377724750897,147,29,1440,13.112229542186403,0.8654650035113534,0.5022907400595258,18.213017407613616,LP.8.1*
2026-05,NB.1.8.1,,0.15352696929652535,147,29,1440,13.112229542186403,0.8654650035113534,0.5022907400595258,18.213017407613616,NB.1.8.1*
2026-05,Other,,0.10788381758389441,147,29,1440,13.112229542186403,0.8654650035113534,0.5022907400595258,18.213017407613616,Other
2026-05,XFG,0.7317070541462574,0.7095435699776466,147,29,1440,13.112229542186403,0.8654650035113534,0.5022907400595258,18.213017407613616,XFG*
2026-06,JN.1,0.005649995876488413,0.05769230796991342,152,27,2453,22.710764806206736,0.9180015383071932,0.6581279470287262,19.36069371565179,JN.1* (other)
2026-06,NB.1.8.1,,0.13942307891333108,152,27,2453,22.710764806206736,0.9180015383071932,0.6581279470287262,19.36069371565179,NB.1.8.1*
2026-06,Other,0.25000020250056904,0.235576925685074,152,27,2453,22.710764806206736,0.9180015383071932,0.6581279470287262,19.36069371565179,Other
2026-06,XFG,0.7443498016229426,0.5673076874316816,152,27,2453,22.710764806206736,0.9180015383071932,0.6581279470287262,19.36069371565179,XFG*
