month,n_samples,n_sites,n_pairs,mean_depth,breadth_1x,breadth_10x,resid
2023-12,1,1,759,6.439487676821724,0.9562585693743104,0.2273016085342607,14.813723945595532
2024-01,3,2,1103,9.360532388054713,0.9751195532220848,0.4003946092365315,15.572999642139226
2024-02,1,1,516,4.192522489382336,0.5153997926629436,0.0263518710497274,3.6908961563008376
2024-03,6,3,1717,13.742801725579373,0.9191719894324984,0.2717787512958566,5.877917652961508
2024-04,5,1,1338,11.5169380998562,0.9077350098652308,0.3121425943885229,3.842378210970329
2024-05,4,1,1896,16.2903053205364,0.817041768384443,0.282647226030833,4.849673011950595
2024-06,4,1,4016,33.97933317727318,0.8646289669932783,0.4874092900377889,5.1787853828372725
2024-07,4,1,3881,32.1273450824332,0.9589338862321506,0.6509714744340033,5.375124449903346
2024-08,4,1,615,3.857572818780724,0.8108550981506872,0.0599939805370698,5.388385995888038
2024-09,19,8,1286,8.686285656957496,0.9660903588268736,0.351302544895161,7.483581139287122
2024-10,25,10,1077,9.185566665551953,0.855031267765776,0.366585292445574,4.439557309911237
2024-11,35,11,1526,13.553623382269338,0.9739825435575026,0.5817142092766612,7.731903683575267
2024-12,42,10,4700,41.35250643748119,0.9984951342674648,0.969568270742066,9.169685890251474
2025-01,44,12,5399,48.03855800421363,0.9957194930274554,0.953416045212855,9.596799556076473
2025-02,50,13,4571,40.14787813931713,0.998729224492526,0.9661572417483196,9.428397315669304
2025-03,65,14,4329,38.24208273417383,0.9960539076346856,0.9028859980603952,7.607262849755814
2025-04,73,15,3542,30.94702872621476,0.9956860515667324,0.8263384944654383,9.070815745120049
2025-05,74,15,6349,55.64381500183928,0.9977928635922816,0.9782964919907702,15.155636880429604
2025-06,108,20,14053,124.81470086613383,0.9982944855031268,0.9959535832525164,14.65629072366438
2025-07,102,19,14639,130.3873858810153,0.9974250075243286,0.9965889710062537,14.033291279311824
2025-08,106,27,24465,218.5210179580644,0.9987626659532488,0.9978931879744508,13.228360962833976
2025-09,140,28,39042,345.6752165334582,0.9988964317961408,0.9982276025816808,12.486843851981902
2025-10,136,28,15467,136.44089221817208,0.9983613684245728,0.9972912416814368,13.336389601997237
2025-11,125,27,10012,88.96448516871217,0.9983613684245728,0.9959870247132396,13.30648426527726
2025-12,153,30,17026,150.36360900244122,0.9987626659532488,0.9969568270742066,13.227516134943023
2026-01,140,30,15405,138.34019997993514,0.9988629903354178,0.9978931879744508,13.719646503093324
2026-02,143,30,8657,80.43253185299133,0.9988629903354178,0.9961876734775776,17.81977675875151
2026-03,139,30,5170,48.08173093000702,0.9988964317961408,0.985252315821155,20.907063431853587
2026-04,147,29,1690,15.60117713941745,0.9593017423001036,0.6397351436310738,19.255598120536433
2026-05,147,29,1440,13.112229542186403,0.8654650035113534,0.5022907400595258,18.213017407613616
2026-06,152,27,2453,22.710764806206736,0.9180015383071932,0.6581279470287262,19.36069371565179
