sample	aligned_bases	aligned_reads	mean_depth
SAMN47830421	2204473	17394	1355.7644526445265
SAMN47830422	1546260	12148	950.959409594096
SAMN47830423	95103	1111	58.488929889298895
SAMN47830424	10642	120	6.54489544895449
SAMN47830425	16505	196	10.150676506765068
SAMN47830426	14313	170	8.802583025830259
SAMN47830427	16564	192	10.186961869618695
SAMN47830428	43881	357	26.987084870848708
SAMN47830429	16000	132	9.84009840098401
SAMN47830430	34106	278	20.97539975399754
SAMN47830431	30128	255	18.52890528905289
SAMN47830432	11430	99	7.029520295202952
SAMN47830433	32730	254	20.129151291512915
SAMN47830434	159136	1282	97.86961869618696
SAMN47830435	6970	55	4.286592865928659
SAMN47830436	33441	267	20.566420664206642
SAMN47830437	11548	98	7.102091020910209
SAMN47830438	108887	864	66.96617466174662
SAMN47830439	37489	305	23.055965559655597
SAMN47830440	73478	603	45.189421894218945
SAMN47830441	59989	481	36.89360393603936
SAMN47830444	293271	2433	180.36346863468634
SAMN47830445	78942	641	48.549815498154985
SAMN47830446	10161	79	6.249077490774908
SAMN47830447	230373	1840	141.68081180811808
SAMN47830448	411716	3327	253.20787207872078
SAMN47830449	123621	1000	76.02767527675277
SAMN47830450	306777	2475	188.66974169741698
SAMN47830451	499075	4021	306.9341943419434
SAMN47830452	224424	1810	138.02214022140222
SAMN47830453	491083	3968	302.01906519065193
SAMN47830454	138680	1139	85.28905289052891
SAMN47830455	180686	1439	111.1230012300123
SAMN47830456	348249	2804	214.17527675276753
SAMN47830457	48974	387	30.11931119311193
SAMN47830458	32924	276	20.248462484624845
SAMN47830461	317410	2517	195.20910209102092
SAMN47830462	117761	913	72.42373923739237
SAMN47830463	67629	552	41.59225092250922
SAMN47830464	212039	1642	130.40528905289054
SAMN47830465	447082	3503	274.95817958179583
SAMN47830466	126085	1016	77.54305043050431
SAMN47830467	105892	829	65.12423124231242
SAMN47830468	166100	1342	102.15252152521525
SAMN47830469	107632	855	66.19434194341943
SAMN47830470	127339	1001	78.31426814268143
SAMN47830471	13817	106	8.497539975399754
SAMN47830472	6580	53	4.046740467404674
SAMN47830473	25507	198	15.686961869618695
SAMN47830474	317946	2518	195.53874538745387
SAMN47830475	322741	2533	198.48769987699876
SAMN47830476	86666	687	53.30012300123001
SAMN47830477	645562	5109	397.0246002460025
SAMN47830478	76320	600	46.93726937269373
SAMN47830479	200034	1586	123.02214022140221
SAMN47830480	73143	577	44.98339483394834
SAMN47830481	82571	646	50.78167281672817
SAMN47830482	273238	2192	168.0430504305043
SAMN47830483	93895	752	57.7460024600246
SAMN47830484	329853	2615	202.86162361623616
SAMN47830485	631905	4985	388.62546125461256
SAMN47830486	375123	3009	230.7029520295203
SAMN47830487	211545	1685	130.10147601476015
SAMN47830488	147156	1192	90.50184501845018
SAMN47830489	59700	475	36.715867158671585
SAMN47830490	444198	3427	273.1845018450185
SAMN47830491	2069857	16225	1272.9747847478475
SAMN47830492	1044176	8330	642.1746617466175
SAMN47830493	48360	381	29.74169741697417
SAMN47830494	651982	5145	400.9729397293973
SAMN47830495	1027967	8109	632.2060270602706
SAMN47830496	4321921	33963	2658.007995079951
SAMN47830497	807377	6218	496.54182041820417
SAMN47830498	470170	3692	289.15744157441577
SAMN47830499	2383159	18337	1465.6574415744158
SAMN47830500	428461	3330	263.5061500615006
SAMN47830501	525259	4092	323.03751537515376
SAMN47830502	688210	5399	423.25338253382535
SAMN47830503	279936	2202	172.16236162361625
SAMN47830504	7616212	58911	4684.017220172202
SAMN47830505	154289	1196	94.88868388683886
SAMN47830506	1002118	7811	616.3087330873309
SAMN47830507	574072	4509	353.0578105781058
SAMN47830508	814342	6408	500.82533825338254
SAMN47830509	1332235	10342	819.3327183271832
SAMN47830510	1143948	8908	703.5350553505535
SAMN47830511	3158117	24519	1942.2613776137762
SAMN47830512	271359	2136	166.88745387453875
SAMN47830513	2747136	21540	1689.5055350553505
SAMN47830514	486217	3805	299.02644526445266
SAMN47830515	468408	3681	288.0738007380074
SAMN47830516	18155	139	11.165436654366543
SAMN47830517	551720	4287	339.3111931119311
SAMN47830518	1421568	11033	874.2730627306273
SAMN47830519	214955	1697	132.19864698646987
SAMN47830520	755534	6030	464.6580565805658
SAMN47830521	517835	4033	318.47170971709716
SAMN47830522	4819127	37157	2963.792742927429
SAMN47830523	3386446	26177	2082.6851168511685
SAMN47830524	73013	562	44.90344403444035
SAMN47830525	1563927	12216	961.8247232472324
SAMN47830526	1782182	13812	1096.0528905289052
SAMN47830527	3326624	25942	2045.8942189421894
SAMN47830528	1466342	11544	901.8093480934809
SAMN47830529	916140	7158	563.4317343173432
SAMN47830530	2617961	20247	1610.0621156211562
SAMN47830531	2251954	17148	1384.9655596555965
SAMN47830532	1085952	8288	667.8671586715867
SAMN47830533	280564	2136	172.54858548585486
SAMN47830534	1225201	9624	753.5061500615006
SAMN47830535	1816345	14094	1117.0633456334563
SAMN47830536	2117585	16135	1302.3277982779828
SAMN47830537	1952288	15007	1200.669126691267
SAMN47830538	6255736	48523	3847.3161131611314
SAMN47830539	17698	132	10.884378843788438
SAMN47830540	222719	1705	136.97355473554737
SAMN47830541	1830877	14026	1126.0006150061502
SAMN47830542	2559533	19646	1574.1285362853628
SAMN47830543	5403517	41349	3323.1961869618694
SAMN47830544	3612214	27626	2221.5338253382533
SAMN47830545	4118638	31627	2532.9876998769987
SAMN47830546	247958	1901	152.49569495694956
SAMN47830547	34355	259	21.128536285362852
SAMN47830548	390873	2978	240.38929889298893
SAMN47830549	613776	4698	377.4760147601476
SAMN47830550	2515151	19410	1546.8333333333333
SAMN47830551	1367175	10724	840.8210332103321
SAMN47830552	1690137	13034	1039.4446494464944
SAMN47830553	1314160	10093	808.2164821648216
SAMN47830554	110159	838	67.74846248462485
SAMN47830555	225873	1730	138.91328413284134
SAMN47830556	119634	921	73.57564575645756
SAMN47830557	821212	6369	505.05043050430504
SAMN47830558	473462	3684	291.1820418204182
SAMN47830559	534443	4121	328.68573185731856
SAMN47830560	115753	880	71.18880688806888
SAMN47830561	164711	1264	101.29827798277982
SAMN47830562	508573	3885	312.77552275522754
SAMN47830563	335732	2604	206.47724477244773
SAMN47830564	1067088	8146	656.2656826568266
SAMN47830565	1357988	10423	835.1709717097172
SAMN47830566	297963	2338	183.2490774907749
SAMN47830567	1885032	14857	1159.3062730627307
SAMN47830568	222060	1740	136.56826568265683
SAMN47830569	590288	4610	363.03075030750307
SAMN47830570	691487	5432	425.26875768757685
SAMN47830571	3396529	26132	2088.8862238622387
SAMN47830572	2518863	19659	1549.1162361623617
SAMN47830573	612730	4768	376.8327183271833
SAMN47830574	1706168	13183	1049.3038130381303
SAMN47830575	765361	5890	470.70172201722016
SAMN47830576	2226279	17392	1369.1752767527676
SAMN47830577	1392527	10643	856.4126691266913
SAMN47830578	135768	1031	83.49815498154982
SAMN47830579	978814	7801	601.9766297662977
SAMN47830580	334355	2602	205.63038130381304
SAMN47830581	1026784	8118	631.4784747847478
SAMN47830582	1130374	8802	695.1869618696187
SAMN47830583	330461	2566	203.23554735547356
SAMN47830584	640561	5026	393.9489544895449
SAMN47830585	2660759	20399	1636.3831488314884
SAMN47830586	162684	1266	100.05166051660517
SAMN47830587	1469480	11416	903.739237392374
SAMN47830588	62219	504	38.26506765067651
SAMN47830589	104922	838	64.52767527675277
SAMN47830590	143457	1135	88.2269372693727
SAMN47830591	313115	2433	192.56765067650676
SAMN47830592	668485	5174	411.12238622386224
SAMN47830593	34787	271	21.394218942189422
SAMN47830594	78381	605	48.20479704797048
SAMN47830595	1265834	10054	778.4956949569496
SAMN47830596	1384573	10785	851.5209102091021
SAMN47830597	1927317	15114	1185.3118081180812
SAMN47830598	824367	6459	506.9907749077491
SAMN47830599	182689	1480	112.35485854858548
SAMN47830601	1286672	10584	791.3111931119312
SAMN47830603	1083606	9388	666.4243542435424
SAMN47830604	1725992	14418	1061.4956949569496
SAMN47830605	1178142	10258	724.5645756457565
SAMN47830606	456666	3721	280.85239852398524
SAMN52958976	1242822	10300	764.3431734317343
SAMN52958977	1084559	8984	667.010455104551
SAMN52958984	972020	7604	597.7982779827798
SAMN52958985	1103423	8668	678.6119311193112
SAMN52958986	2063608	16209	1269.131611316113
SAMN52958987	662127	5179	407.2121771217712
SAMN52958988	1335682	10973	821.4526445264453
SAMN52958989	1194667	9534	734.7275522755227
SAMN52958990	856058	6711	526.4809348093481
SAMN52958991	798489	6255	491.07564575645756
SAMN52958992	1022860	8010	629.0651906519065
SAMN52958993	206767	1652	127.16297662976629
SAMN52958994	277415	2202	170.61193111931118
SAMN52958995	285158	2246	175.3739237392374
SAMN52958996	188515	1516	115.93788437884379
SAMN52958997	445805	3660	274.1728167281673
SAMN52958998	244506	1878	150.37269372693726
SAMN52958999	586162	4912	360.4932349323493
SAMN52959000	81923	638	50.38314883148831
SAMN52959001	418052	3485	257.10455104551045
SAMN52959002	562070	4578	345.67650676506764
SAMN52959004	184847	1504	113.6820418204182
SAMN52959005	204196	1644	125.58179581795818
SAMN52959006	186027	1469	114.40774907749078
SAMN52959007	38717	306	23.811193111931118
SAMN52959008	23816	274	14.646986469864698
SAMN52959009	22480	260	13.825338253382533
SAMN52959010	6574	78	4.043050430504305
SAMN52959011	41790	473	25.70110701107011
SAMN52959012	52542	610	32.313653136531364
SAMN52959013	34497	279	21.215867158671585
SAMN52959014	107287	831	65.98216482164821
SAMN52959015	63641	485	39.13960639606396
SAMN52959016	61603	482	37.88622386223862
SAMN52959017	614813	4826	378.11377613776136
SAMN52959018	808647	6400	497.3228782287823
SAMN52959019	672709	5323	413.720172201722
SAMN52959020	154352	1232	94.92742927429275
SAMN52959021	28281	225	17.3929889298893
SAMN52959022	33473	265	20.58610086100861
SAMN52959023	254930	2039	156.78351783517834
SAMN52959024	210816	1649	129.6531365313653
SAMN52959025	386917	3017	237.95633456334562
SAMN52959026	333962	2534	205.38868388683886
SAMN52959027	4169567	32645	2564.309348093481
SAMN52959028	902776	7077	555.2127921279213
SAMN53034969	1255603	9538	772.2035670356704
SAMN53034970	924436	7073	568.5338253382533
SAMN53034971	1197559	9169	736.5061500615006
SAMN53034972	646766	4985	397.7650676506765
SAMN53034973	1275178	9781	784.2423124231242
SAMN53034974	497911	3815	306.2183271832718
SAMN53034975	2948777	22985	1813.5159901599015
SAMN53034976	549146	4264	337.7281672816728
SAMN53034977	838728	6567	515.8228782287823
SAMN53034978	191274	1488	117.63468634686348
SAMN53034979	150226	1202	92.38991389913899
SAMN53034980	185585	1447	114.13591635916359
SAMN53034981	276262	2185	169.90282902829028
SAMN53034982	99478	787	61.17958179581796
SAMN53034983	750401	5845	461.50123001230014
SAMN53034984	188513	1515	115.93665436654366
SAMN53034985	310294	2488	190.83271832718327
SAMN53034986	158496	1255	97.4760147601476
SAMN53034987	451559	3549	277.7115621156212
SAMN53034988	483554	3827	297.38868388683886
SAMN53034989	249270	2011	153.30258302583024
SAMN53034990	480667	3790	295.6131611316113
SAMN53034991	242156	1916	148.92742927429273
SAMN53034992	278057	2192	171.0067650676507
SAMN53034993	475052	3602	292.159901599016
SAMN53059441	219189	1710	134.80258302583024
SAMN53059442	1107856	8731	681.3382533825338
SAMN53059443	1358770	10663	835.6519065190652
SAMN53059444	1294902	10090	796.3726937269373
SAMN53059445	1321679	10128	812.8407134071341
SAMN53059446	1522044	11886	936.0664206642066
SAMN53059447	1737364	13643	1068.489544895449
SAMN53059448	1053537	8217	647.9317343173432
SAMN53059449	2653736	20604	1632.0639606396064
SAMN53059450	1441383	11385	886.459409594096
SAMN53059451	112148	908	68.97170971709717
SAMN53059452	710116	5680	436.72570725707254
SAMN53059453	1290844	10160	793.8769987699877
SAMN53059454	584972	4714	359.7613776137761
SAMN53059455	882267	7055	542.59963099631
SAMN53059456	663487	5222	408.04858548585486
SAMN53059457	1101305	8825	677.3093480934809
SAMN53059458	1297122	10214	797.7380073800738
SAMN53059459	1193020	9303	733.7146371463715
SAMN53059460	723985	5746	445.2552275522755
SAMN53059461	1026112	8226	631.0651906519065
SAMN53059462	1152695	9187	708.9145141451414
SAMN53059463	2361250	18899	1452.1832718327182
SAMN53059464	2521804	20126	1550.9249692496926
SAMN53059465	1030948	8207	634.0393603936039
SAMN53059466	1433130	11222	881.3837638376384
SAMN53059467	1410719	11047	867.6008610086101
SAMN53059468	770172	6137	473.66051660516604
SAMN53059469	1425829	11361	876.8936039360393
SAMN53059470	1702305	13398	1046.9280442804427
SAMN53059471	1748424	14345	1075.2915129151293
SAMN53059472	1153250	9353	709.2558425584256
SAMN53059473	1107087	8789	680.8653136531366
SAMN53059474	837547	6711	515.0965559655597
SAMN53059475	2168157	17306	1333.429889298893
SAMN53059476	2454728	20170	1509.6728167281674
SAMN53059477	4114955	32643	2530.7226322263223
SAMN53059478	1690746	13752	1039.819188191882
SAMN53059479	906949	7278	557.779212792128
SAMN53059480	1111565	8982	683.6193111931119
SAMN53059481	1820245	14393	1119.4618696186963
SAMN53059482	1547668	12351	951.8253382533825
SAMN53059483	1044045	8331	642.0940959409594
SAMN53059484	316136	2510	194.42558425584255
SAMN53059485	1026409	8120	631.2478474784748
SAMN53059486	790011	6150	485.86162361623616
SAMN53059487	769482	6081	473.2361623616236
SAMN53059488	706530	5693	434.520295202952
SAMN53059489	755444	5931	464.60270602706026
SAMN53059490	1329845	10593	817.8628536285363
SAMN53059491	623307	4898	383.3376383763838
SAMN53059492	354503	2801	218.02152521525215
SAMN53059493	595636	4718	366.319803198032
SAMN53059494	1102237	8637	677.8825338253382
SAMN53059495	781034	6228	480.34071340713405
SAMN53059496	1405403	11032	864.3314883148831
SAMN53059497	1064481	8394	654.6623616236162
SAMN53059498	870057	6787	535.090405904059
SAMN53059499	841122	6678	517.2952029520295
SAMN53071625	72557	619	44.6230012300123
SAMN53071626	90902	777	55.90528905289053
SAMN53071627	385890	3123	237.32472324723247
SAMN53071628	141400	1223	86.96186961869618
SAMN53071629	48890	392	30.067650676506766
SAMN53071630	160621	1224	98.78290282902829
SAMN53071631	943270	7864	580.1168511685116
SAMN53071632	172756	1342	106.2460024600246
SAMN53071633	15091	133	9.281057810578107
SAMN53071634	27862	216	17.13530135301353
SAMN53071635	172938	1312	106.35793357933579
SAMN53071636	187242	1424	115.1549815498155
SAMN53071637	210863	1666	129.6820418204182
SAMN53071638	917622	7142	564.3431734317343
SAMN53071639	527482	4109	324.40467404674047
SAMN53071640	1052134	8428	647.0688806888069
SAMN53071641	15769	118	9.698031980319803
SAMN53071642	4461961	34800	2744.1334563345636
SAMN53071643	1537671	11891	945.6771217712177
SAMN53084823	561498	4395	345.3247232472325
SAMN53084824	142035	1126	87.35239852398524
SAMN53084825	630913	4959	388.01537515375156
SAMN53084826	248965	1968	153.1150061500615
SAMN53084827	246338	2007	151.49938499384993
SAMN53084828	622494	5132	382.8376383763838
SAMN53084829	1709991	13667	1051.6549815498156
SAMN53084830	367152	2952	225.80073800738006
SAMN53084831	332708	2758	204.61746617466176
SAMN53084832	170712	1393	104.98892988929889
SAMN53084833	129582	1086	79.69372693726937
SAMN53084834	463635	3779	285.13837638376384
SAMN53084835	315858	2633	194.25461254612546
SAMN53084836	1091347	8683	671.1851168511685
SAMN53084837	1730635	13735	1064.351168511685
SAMN53084838	1536289	12178	944.8271832718327
SAMN53084839	993834	7885	611.2140221402213
SAMN53084840	822278	6598	505.7060270602706
SAMN53084841	180505	1449	111.01168511685117
SAMN53084842	420407	3349	258.55289052890527
SAMN53084843	509810	4032	313.5362853628536
SAMN53084844	672274	5320	413.4526445264453
SAMN53084845	404141	3233	248.54920049200493
SAMN53084846	374469	3003	230.30073800738006
SAMN53084847	264641	2188	162.75584255842557
SAMN53084848	197878	1593	121.69618696186961
SAMN53084849	341942	2667	210.29643296432965
SAMN53084850	125545	974	77.21094710947109
SAMN53084851	226543	1844	139.32533825338254
SAMN53084852	205104	1701	126.14022140221402
SAMN53084853	472082	3922	290.3333333333333
SAMN53084854	367902	2987	226.2619926199262
SAMN53084855	431143	3471	265.1555965559656
SAMN53084856	1214910	9592	747.1771217712177
SAMN53111716	110608	886	68.02460024600246
SAMN53111717	15098	131	9.285362853628536
SAMN53111718	506609	4061	311.5676506765068
SAMN53111719	367689	2926	226.1309963099631
SAMN53111720	10504	88	6.460024600246003
SAMN53111721	7792	58	4.792127921279213
SAMN53111722	523	4	0.3216482164821648
SAMN53111723	79882	630	49.12792127921279
SAMN53111724	424887	3268	261.3081180811808
SAMN53111725	162962	1266	100.22263222632226
SAMN53111726	194188	1567	119.42681426814268
SAMN53111727	32075	423	19.72632226322263
SAMN53111728	131245	1054	80.71648216482164
SAMN53111729	18106	169	11.13530135301353
SAMN53111730	0	0	0.0
SAMN53111731	107721	851	66.24907749077491
SAMN53111732	0	0	0.0
SAMN53111733	50938	436	31.32718327183272
SAMN53111734	14394	118	8.85239852398524
SAMN53111735	20838	172	12.81549815498155
SAMN53111736	6925	50	4.2589175891758915
SAMN53134949	334008	2646	205.4169741697417
SAMN53134950	123461	1004	75.92927429274293
SAMN53134951	280520	2187	172.52152521525215
SAMN53134952	243882	1898	149.9889298892989
SAMN53134953	207196	1640	127.42681426814268
SAMN53134954	118920	937	73.13653136531366
SAMN53134955	322595	2582	198.39790897908978
SAMN53134956	432037	3421	265.70541205412053
SAMN53134957	423930	3351	260.71955719557195
SAMN53134958	460101	3630	282.9649446494465
SAMN53134959	342846	2726	210.85239852398524
SAMN53134960	605984	4845	372.6838868388684
SAMN53134961	483856	3861	297.5744157441574
SAMN53134962	476971	3718	293.340098400984
SAMN53134963	628717	5006	386.6648216482165
SAMN53134964	545979	4331	335.78044280442805
SAMN53134965	546572	4354	336.14514145141453
SAMN53134966	296834	2448	182.55473554735548
SAMN53134967	181054	1456	111.34932349323493
SAMN53134968	584776	4576	359.64083640836407
SAMN53134969	188807	1511	116.11746617466174
SAMN53134970	539176	4132	331.5965559655597
SAMN53134971	222897	1793	137.0830258302583
SAMN53134972	428339	3289	263.43111931119313
SAMN53134973	766368	5959	471.3210332103321
SAMN53134974	43170	331	26.54981549815498
SAMN53134975	98614	782	60.64821648216482
SAMN53134976	474928	3812	292.0836408364084
SAMN53134977	183078	1435	112.5940959409594
SAMN53134978	582301	4637	358.11869618696187
SAMN53134979	311406	2494	191.51660516605165
SAMN53134980	622457	5044	382.8148831488315
SAMN53134981	386964	3051	237.98523985239854
SAMN53134982	419352	3342	257.9040590405904
SAMN53134983	718374	5731	441.8044280442804
SAMN53134984	305094	2427	187.63468634686348
SAMN53134985	281122	2194	172.8917589175892
SAMN53134986	406895	3195	250.2429274292743
SAMN53134987	341332	2790	209.92127921279211
SAMN53134988	227968	1745	140.20172201722016
SAMN53134989	157016	1304	96.56580565805658
SAMN53134990	1002239	7874	616.3831488314884
SAMN53134991	1274268	9976	783.6826568265683
SAMN53134992	2146736	16876	1320.2558425584257
SAMN53134993	199252	1586	122.54120541205413
SAMN53134994	545928	4381	335.7490774907749
SAMN53134995	151983	1207	93.47047970479704
SAMN53134996	1064369	8567	654.5934809348093
SAMN53134997	87869	806	54.039975399754
SAMN53134998	301879	2380	185.65744157441574
SAMN53134999	1569217	12639	965.0781057810578
SAMN53135000	949002	7441	583.6420664206642
SAMN53135001	752761	6081	462.9526445264453
SAMN53135002	889380	7094	546.9741697416974
SAMN53135003	1134792	8984	697.9040590405904
SAMN53135004	144835	1401	89.07441574415745
SAMN53135005	395494	3128	243.23124231242312
SAMN53135006	478268	3837	294.1377613776138
SAMN53135019	199349	1526	122.60086100861008
SAMN53135020	341918	2736	210.28167281672816
SAMN53135021	87967	698	54.100246002460025
SAMN53135022	176958	1438	108.83025830258302
SAMN53135023	698206	5430	429.4009840098401
SAMN53135024	456021	3621	280.45571955719555
SAMN53135025	235531	1902	144.8530135301353
SAMN53135026	370611	2926	227.9280442804428
SAMN53135031	317285	2593	195.13222632226322
SAMN53135032	372537	2968	229.11254612546125
SAMN53135033	328098	2588	201.78228782287823
SAMN53135034	216388	1662	133.079950799508
SAMN53135035	358063	2796	220.2109471094711
SAMN53135036	660747	5230	406.36346863468634
SAMN53135037	157136	1236	96.63960639606395
SAMN53135038	318767	2493	196.04366543665438
SAMN53135039	333441	2647	205.06826568265683
SAMN53135040	108279	837	66.59225092250922
SAMN53135041	353572	2724	217.4489544895449
SAMN53135042	93124	741	57.27183271832718
SAMN53135043	73511	610	45.20971709717097
SAMN53135044	371316	2981	228.36162361623616
SAMN53135045	207110	1728	127.3739237392374
SAMN53135046	137679	1186	84.67343173431735
SAMN53135047	189863	1505	116.7669126691267
SAMN53135048	185883	1507	114.31918819188192
SAMN53135049	191697	1471	117.89483394833948
SAMN53135050	255333	1999	157.03136531365314
SAMN53135051	405641	3158	249.47170971709718
SAMN53135052	162803	1313	100.12484624846249
SAMN53135053	162234	1317	99.77490774907749
SAMN53135054	303626	2413	186.7318573185732
SAMN53135055	1199465	9183	737.6783517835179
SAMN53135056	336538	2645	206.9729397293973
SAMN53135057	169828	1342	104.44526445264452
SAMN53135058	136488	1090	83.9409594095941
SAMN53135059	376964	2982	231.83517835178353
SAMN53135060	487079	3848	299.55658056580563
SAMN53135061	655508	5099	403.14145141451417
SAMN53135062	584778	4586	359.6420664206642
SAMN53135063	470890	3841	289.60024600246004
SAMN53135074	106644	847	65.58671586715867
SAMN53135075	334855	2651	205.9378843788438
SAMN53135076	32606	247	20.05289052890529
SAMN53135077	15311	124	9.416359163591636
SAMN54569784	365587	2819	224.83825338253382
SAMN54569785	343957	2661	211.53567035670358
SAMN54569786	141104	1155	86.77982779827798
SAMN54569787	282603	2189	173.80258302583024
SAMN54569788	318535	2538	195.9009840098401
SAMN54569789	2042205	16760	1255.9686346863468
SAMN54569790	453090	3683	278.6531365313653
SAMN54569791	516876	4110	317.8819188191882
SAMN54569792	710228	5505	436.79458794587947
SAMN54569793	1821466	13844	1120.2127921279214
SAMN54569794	362636	2792	223.02337023370234
SAMN54569795	650504	4996	400.0639606396064
SAMN54569796	1435906	11029	883.0910209102091
SAMN54569797	482710	3860	296.869618696187
SAMN54569798	681608	5263	419.1931119311193
SAMN54569799	1504578	11572	925.3247232472324
SAMN54569800	559115	4443	343.85916359163593
SAMN54569801	1678614	13280	1032.3579335793358
SAMN54569802	533110	4145	327.86592865928657
SAMN54569803	412434	3260	253.64944649446494
SAMN54569804	508915	3993	312.9858548585486
SAMN54569805	281873	2167	173.35362853628536
SAMN54569806	739454	5824	454.76875768757685
SAMN54569807	96318	745	59.23616236162361
SAMN54569808	189189	1517	116.35239852398524
SAMN54569809	1663935	13058	1023.330258302583
SAMN54592491	703179	5625	432.4594095940959
SAMN54592492	900665	6913	553.9145141451414
SAMN54592493	1211109	9398	744.8394833948339
SAMN54592494	1865918	14542	1147.5510455104552
SAMN54592495	1621470	12527	997.2140221402213
SAMN54592496	1610002	12639	990.1611316113161
SAMN54592497	2409448	18789	1481.8253382533826
SAMN54592498	1976980	15273	1215.8548585485855
SAMN54592499	1953254	15217	1201.2632226322264
SAMN54592500	1046489	8338	643.5971709717097
SAMN54592501	3137038	24818	1929.2976629766297
SAMN54592502	1325143	10583	814.9710947109471
SAMN54592503	2511354	19708	1544.4981549815498
SAMN54592504	695202	5512	427.55350553505536
SAMN54592505	850633	6653	523.1445264452644
SAMN54592506	1169286	9236	719.1180811808118
SAMN54609812	2139350	17075	1315.7134071340713
SAMN54609813	1466069	11577	901.6414514145141
SAMN54609814	760212	5980	467.5350553505535
SAMN54609815	1187834	9242	730.5252152521525
SAMN54609816	1118367	8816	687.8025830258302
SAMN54609817	329028	2587	202.35424354243543
SAMN54609818	975203	7664	599.7558425584256
SAMN54609819	1099777	8496	676.369618696187
SAMN54609820	978879	7708	602.0166051660517
SAMN54609821	784873	6158	482.70172201722016
SAMN54609822	1573378	12520	967.6371463714637
SAMN54609823	1248965	9763	768.1211562115622
SAMN54609824	1601050	12567	984.6555965559655
SAMN54609825	485187	3882	298.3929889298893
SAMN54609826	848411	6719	521.7779827798278
SAMN54609827	1709844	13456	1051.5645756457563
SAMN54609828	2435519	19213	1497.859163591636
SAMN54610778	496149	3865	305.1346863468635
SAMN54610779	334650	2627	205.8118081180812
SAMN54610780	100334	782	61.7060270602706
SAMN54610781	727494	5732	447.41328413284134
SAMN54610782	498145	3898	306.3622386223862
SAMN54610783	368982	2919	226.92619926199262
SAMN54610784	251221	1967	154.50246002460025
SAMN54610785	199245	1545	122.53690036900369
SAMN54610786	169658	1283	104.34071340713407
SAMN54610787	683173	5333	420.1555965559656
SAMN54610788	154699	1207	95.14083640836408
SAMN54610789	113618	879	69.87576875768758
SAMN54610790	598116	4638	367.8450184501845
SAMN54610791	1203319	9558	740.0485854858549
SAMN54610792	813574	6359	500.3530135301353
SAMN54610793	32564	264	20.027060270602707
SAMN54610794	562903	4451	346.1888068880689
SAMN54610795	346814	2760	213.2927429274293
SAMN54610796	37542	287	23.088560885608857
SAMN54610797	134387	1069	82.64883148831488
SAMN54610798	73284	573	45.07011070110701
SAMN54610799	100896	788	62.05166051660517
SAMN54610800	234586	1873	144.27183271832718
SAMN54610801	169561	1355	104.2810578105781
SAMN54610802	135595	1046	83.39175891758917
SAMN54610803	267562	2089	164.55227552275522
SAMN54610804	125260	989	77.03567035670356
SAMN54610805	237447	1851	146.03136531365314
SAMN54610806	105796	838	65.06519065190652
SAMN54610807	223835	1816	137.659901599016
SAMN54680412	430360	3501	264.6740467404674
SAMN54680413	378304	3111	232.65928659286593
SAMN54680414	459737	3622	282.7410824108241
SAMN54680415	1254527	9717	771.5418204182042
SAMN54680416	1360002	10721	836.409594095941
SAMN54680417	2725004	20967	1675.8942189421894
SAMN54680418	3850424	29755	2368.0344403444033
SAMN54680419	3065517	23846	1885.3118081180812
SAMN54680420	3274677	25298	2013.9464944649446
SAMN54680421	4024155	31180	2474.880073800738
SAMN54680422	3145322	24579	1934.3923739237393
SAMN54680423	3083649	23880	1896.4630996309963
SAMN54680424	2149237	16890	1321.7939729397294
SAMN54680425	1838613	14318	1130.7583025830259
SAMN54680426	1230183	9633	756.570110701107
SAMN54680427	1260780	9970	775.3874538745388
SAMN54680428	899047	7069	552.919434194342
SAMN54680429	997309	7886	613.3511685116852
SAMN54680430	722159	5580	444.13222632226325
SAMN54680431	737479	5794	453.5541205412054
SAMN54680432	709613	5522	436.4163591635916
SAMN54680433	1164828	9117	716.3763837638377
SAMN54680434	1043008	8086	641.4563345633456
SAMN54680435	2286788	17737	1406.3886838868389
SAMN54680436	3639917	28125	2238.571340713407
SAMN54680437	3636795	28260	2236.651291512915
SAMN54680438	3236665	25158	1990.568880688807
SAMN54680439	2852869	22160	1754.531980319803
SAMN54680440	4661911	36065	2867.10393603936
SAMN54680441	2352290	18161	1446.6728167281674
SAMN54680442	2816430	21998	1732.1217712177122
SAMN54680443	1779505	13963	1094.4065190651907
SAMN54680444	1313130	10379	807.5830258302583
SAMN54680445	2847708	22417	1751.3579335793358
SAMN54703701	929939	7514	571.9182041820418
SAMN54703702	1196033	9351	735.5676506765068
SAMN54703703	321063	2567	197.45571955719558
SAMN54703704	625971	4853	384.9760147601476
SAMN54703705	381149	2993	234.4089790897909
SAMN54703706	808485	6445	497.2232472324723
SAMN54703707	3490950	27660	2146.9557195571956
SAMN54703708	1218437	9805	749.3462484624846
SAMN54703709	2000764	15694	1230.4821648216482
SAMN54703710	2296679	18258	1412.4717097170972
SAMN54703711	3681403	29037	2264.0854858548587
SAMN54703712	2459875	19395	1512.8382533825338
SAMN54703713	2090611	16425	1285.7386223862238
SAMN54703714	2804126	22033	1724.5547355473554
SAMN54703715	3103032	24969	1908.3837638376383
SAMN54703716	1722673	13759	1059.4544895448955
SAMN54703717	2046507	16345	1258.6143911439115
SAMN54703718	1154038	9276	709.7404674046741
SAMN54703719	1413754	11384	869.4674046740467
SAMN54703720	1436557	11631	883.4913899138992
SAMN54703721	1843209	14697	1133.5848708487085
SAMN54703722	1192743	9514	733.5442804428044
SAMN54703723	971815	7824	597.6722017220172
SAMN54703724	1098374	8776	675.5067650676507
SAMN54703725	926637	7470	569.8874538745388
SAMN54703726	956443	7689	588.2183271832719
SAMN54703727	1064185	8431	654.4803198031981
SAMN54703728	1111214	8915	683.4034440344403
SAMN54703729	1806982	14454	1111.3050430504304
SAMN54703730	2130783	17026	1310.4446494464944
SAMN54703731	1299273	10173	799.0608856088561
SAMN54703732	1332145	10552	819.2773677736777
SAMN54703733	1195324	9459	735.1316113161132
SAMN54703734	3354941	26397	2063.309348093481
SAMN54703735	1767970	14034	1087.3124231242311
SAMN54703736	1890703	14986	1162.7939729397294
SAMN54703737	2289961	17598	1408.340098400984
SAMN54703738	2407472	18928	1480.610086100861
SAMN54703739	2050873	16250	1261.29950799508
SAMN54703740	1738777	13499	1069.3585485854858
SAMN54703741	2003919	15428	1232.4225092250922
SAMN54703742	905815	7183	557.0817958179582
SAMN54703743	1502895	12029	924.289667896679
SAMN54703744	2381682	18816	1464.7490774907749
SAMN54703745	1300328	10347	799.7097170971709
SAMN54703746	1448767	11329	891.00061500615
SAMN54703747	894320	7089	550.0123001230012
SAMN54703748	623989	4754	383.7570725707257
SAMN54703749	835956	6500	514.1180811808118
SAMN54703750	1987807	15568	1222.5135301353014
SAMN54703751	1431971	11334	880.6709717097172
SAMN54703752	1540159	12029	947.2072570725708
SAMN54703753	1590629	12411	978.2466174661747
SAMN54703754	2804876	21703	1725.0159901599015
SAMN54703755	2118628	16678	1302.969249692497
SAMN54703756	3729086	29295	2293.4108241082413
SAMN54703757	1794126	13877	1103.3985239852398
SAMN54703758	2391895	18459	1471.030135301353
SAMN54703759	1684662	12980	1036.0774907749078
SAMN54703760	3766905	28993	2316.669741697417
SAMN54703761	1733971	13578	1066.4028290282902
SAMN54703762	1282344	10010	788.649446494465
SAMN54703763	3388692	26243	2084.066420664207
SAMN54703764	23797	182	14.63530135301353
SAMN54703765	140219	1121	86.23554735547356
SAMN54703766	127206	1041	78.23247232472325
SAMN54703767	32798	283	20.170971709717097
SAMN54703768	787442	6985	484.2816728167282
SAMN54703769	37949	322	23.33886838868389
SAMN54703770	214035	1689	131.6328413284133
SAMN54703771	16126	128	9.91758917589176
SAMN54703772	4755	36	2.9243542435424352
SAMN54703773	5301	43	3.2601476014760147
SAMN54703774	1150592	9081	707.6211562115622
SAMN54703775	1080443	8776	664.4790897908979
SAMN54703776	216553	1722	133.18142681426815
SAMN54703777	1193658	9451	734.1070110701107
SAMN54703778	169439	1342	104.2060270602706
SAMN54703779	69682	562	42.85485854858548
SAMN54703780	332736	2568	204.63468634686348
SAMN54705862	16798	135	10.330873308733088
SAMN54705863	38942	325	23.949569495694956
SAMN54705864	10490	83	6.451414514145141
SAMN54705865	53423	426	32.855473554735546
SAMN54705866	21711	170	13.35239852398524
SAMN54705867	139927	1139	86.05596555965559
SAMN54705868	107830	853	66.31611316113161
SAMN54705869	255730	2033	157.27552275522754
SAMN54705870	48598	387	29.888068880688806
SAMN54705871	36480	297	22.435424354243544
SAMN54705872	128652	1013	79.12177121771218
SAMN54705873	98646	800	60.66789667896679
SAMN54705874	111325	881	68.46555965559655
SAMN54705875	256438	2045	157.7109471094711
SAMN54705876	71288	585	43.84255842558426
SAMN54705877	338993	2677	208.48277982779828
SAMN54705878	75914	596	46.687576875768755
SAMN54705879	191640	1534	117.85977859778598
SAMN54705880	286258	2260	176.05043050430504
SAMN54705881	223383	1769	137.3819188191882
SAMN54705882	127568	1020	78.45510455104551
SAMN54705883	218875	1759	134.60947109471095
SAMN54705884	91604	711	56.3370233702337
SAMN54705885	319518	2539	196.50553505535055
SAMN54705886	81469	670	50.10393603936039
SAMN54705887	99248	766	61.038130381303816
SAMN54705888	40007	313	24.604551045510455
SAMN54705889	73235	587	45.039975399754
SAMN54705890	75009	597	46.1309963099631
SAMN54705891	17810	151	10.953259532595325
SAMN54705892	9392	78	5.776137761377614
SAMN54705893	35933	284	22.099015990159902
SAMN54705894	176706	1409	108.67527675276753
SAMN54705895	69349	554	42.650061500615
SAMN54705896	9389	73	5.774292742927429
SAMN54705897	20958	171	12.88929889298893
SAMN54705898	20346	162	12.512915129151292
SAMN54705899	21518	164	13.23370233702337
SAMN54705900	15587	124	9.58610086100861
SAMN54705901	19215	158	11.817343173431734
SAMN54705902	40419	322	24.857933579335793
SAMN54705903	5145	43	3.1642066420664205
SAMN54705904	45347	356	27.88868388683887
SAMN54705905	14951	104	9.194956949569496
SAMN54705906	13094	104	8.052890528905289
SAMN54705907	15229	118	9.365928659286594
SAMN54705908	19445	164	11.95879458794588
SAMN54705909	17048	132	10.484624846248462
SAMN54705910	66753	512	41.05350553505535
SAMN54705911	8433	64	5.186346863468635
SAMN54705912	17354	141	10.672816728167282
SAMN54705913	39196	318	24.105781057810578
SAMN54705914	1250	11	0.7687576875768758
SAMN54705915	89858	722	55.263222632226324
SAMN54705916	18735	162	11.522140221402214
SAMN54705917	105748	847	65.03567035670356
SAMN54705918	35090	283	21.580565805658058
SAMN54705919	185470	1462	114.06519065190652
SAMN54705920	57911	470	35.61562115621156
SAMN54705921	18617	147	11.449569495694957
SAMN54705922	34478	280	21.204182041820417
SAMN54705923	182889	1468	112.47785977859779
SAMN54705924	23771	196	14.619311193111932
SAMN54705925	136203	1099	83.76568265682657
SAMN54705926	28519	237	17.539360393603936
SAMN54705927	57875	459	35.59348093480935
SAMN54911854	1077376	8746	662.5928659286593
SAMN54911856	1555558	12598	956.6777367773677
SAMN54911857	1489089	12105	915.7988929889299
SAMN54911859	15776	137	9.702337023370234
SAMN54911860	2027	19	1.2466174661746618
SAMN54911861	3555	32	2.1863468634686347
SAMN54911862	8624	77	5.303813038130381
SAMN54911863	28645	228	17.616851168511687
SAMN54911864	19324	162	11.884378843788438
SAMN54911865	11884	91	7.308733087330873
SAMN54911866	30150	253	18.542435424354245
SAMN54911867	432002	3548	265.6838868388684
SAMN54911868	318662	2569	195.97908979089792
SAMN54911869	77205	630	47.481549815498155
SAMN54911870	87659	710	53.91082410824108
SAMN54911871	276989	2207	170.349938499385
SAMN54911872	161907	1367	99.57380073800738
SAMN54911873	85343	714	52.48646986469865
SAMN54911874	77640	662	47.74907749077491
SAMN54911875	388064	3160	238.66174661746618
SAMN54911876	503547	4046	309.6845018450185
SAMN54911877	163215	1317	100.37822878228782
SAMN54911878	180723	1463	111.14575645756457
SAMN54911879	669993	5705	412.049815498155
SAMN54911880	174639	1415	107.40405904059041
SAMN54911881	178937	1510	110.04735547355473
SAMN54911882	159992	1289	98.39606396063961
SAMN54911883	199461	1566	122.66974169741698
SAMN54911884	69801	584	42.928044280442805
SAMN54911885	201431	1590	123.88130381303813
SAMN54911886	116315	957	71.53444034440345
SAMN54911887	781676	6295	480.73554735547356
SAMN54911888	2124471	16740	1306.5627306273063
SAMN54911890	1557360	12282	957.7859778597787
SAMN54911891	137598	1093	84.62361623616236
SAMN54911892	841929	6828	517.7915129151291
SAMN54927434	17170	138	10.559655596555965
SAMN54927435	3108	32	1.911439114391144
SAMN54927436	1836	21	1.1291512915129152
SAMN54927437	2117	23	1.3019680196801968
SAMN54927438	1872	14	1.151291512915129
SAMN54927439	637	6	0.3917589175891759
SAMN54927440	7983018	62755	4909.6051660516605
SAMN54927441	4959896	38208	3050.3665436654364
SAMN54927442	0	0	0.0
SAMN54927443	18643803	152067	11466.053505535056
SAMN54927444	12628505	107385	7766.608241082411
SAMN54927445	5912497	52436	3636.2220172201723
SAMN54927446	9286372	73314	5711.175891758918
SAMN54927447	5010248	38893	3081.3333333333335
SAMN54927448	18386862	143144	11308.033210332103
SAMN54927449	1555792	11997	956.8216482164821
SAMN54927450	2307242	18336	1418.968019680197
SAMN54927451	856653	6761	526.8468634686346
SAMN54927452	2728	19	1.6777367773677736
SAMN54927453	34082	274	20.960639606396064
SAMN54927454	0	0	0.0
SAMN54927455	0	0	0.0
SAMN54927456	44666	347	27.469864698646987
SAMN54927457	0	0	0.0
SAMN54927458	0	0	0.0
SAMN54927459	131307	1051	80.75461254612546
SAMN54927460	73729	567	45.34378843788438
SAMN54927461	105871	858	65.11131611316114
SAMN54927462	0	0	0.0
SAMN54927463	0	0	0.0
SAMN54927464	853	6	0.52460024600246
SAMN54927465	31	1	0.019065190651906518
SAMN54927466	0	0	0.0
SAMN54927467	6315	46	3.8837638376383765
SAMN54927468	676	5	0.4157441574415744
SAMN54927469	1399	10	0.8603936039360394
SAMN54927470	1261	10	0.7755227552275523
SAMN54927471	1178	8	0.7244772447724477
SAMN54927472	180450	1542	110.97785977859779
SAMN54949035	413942	3263	254.57687576875767
SAMN54949036	299349	2339	184.10147601476015
SAMN54949037	174980	1351	107.61377613776138
SAMN54949038	198790	1590	122.25707257072571
SAMN54949039	512005	4024	314.88622386223864
SAMN54949040	566205	4492	348.21955719557195
SAMN54949041	492368	3794	302.80934809348093
SAMN54949042	102045	810	62.75830258302583
SAMN54949043	798687	6444	491.19741697416976
SAMN54949044	1011930	8067	622.3431734317343
SAMN54949045	1038172	8143	638.4821648216482
SAMN54949046	946585	7379	582.1555965559655
SAMN54949047	771629	6194	474.55658056580563
SAMN54949048	553550	4359	340.4366543665437
SAMN54949049	961667	7495	591.4311193111931
SAMN54949050	426575	3378	262.34624846248465
SAMN54949051	580560	4628	357.0479704797048
SAMN54949052	775504	6189	476.93972939729395
SAMN54949053	353007	2750	217.10147601476015
SAMN54949054	1265352	10003	778.1992619926199
SAMN54949055	949060	7298	583.6777367773677
SAMN54949056	453671	3553	279.01045510455106
SAMN54949057	481078	3738	295.86592865928657
SAMN54949058	1005782	7737	618.5621156211562
SAMN54949059	309269	2443	190.20233702337023
SAMN54949060	157958	1250	97.14514145141452
SAMN54949061	851439	6680	523.640221402214
SAMN54959809	614309	4554	377.8038130381304
SAMN54959810	443516	3512	272.7650676506765
SAMN54959811	364363	2886	224.08548585485855
SAMN54959812	184955	1502	113.74846248462485
SAMN54959813	455980	3779	280.43050430504303
SAMN54959814	719018	5634	442.20049200492
SAMN54959815	963137	7539	592.3351783517835
SAMN54959816	1953582	15006	1201.4649446494466
SAMN54959817	1367365	10604	840.9378843788438
SAMN54959818	1123603	8756	691.0227552275522
SAMN54959819	2897813	23052	1782.1728167281674
SAMN54959820	243188	1914	149.5621156211562
SAMN54959821	549598	4357	338.0061500615006
SAMN54959822	1131200	9029	695.6949569495695
SAMN54959823	3537274	28161	2175.4452644526446
SAMN54984654	735963	5726	452.6217712177122
SAMN54984655	1205629	9716	741.4692496924969
SAMN54984656	281076	2174	172.86346863468634
SAMN54984657	495144	3942	304.51660516605165
SAMN54984658	512228	4115	315.02337023370234
SAMN54984659	929064	7426	571.380073800738
SAMN54984660	444783	3558	273.54428044280445
SAMN54984661	323456	2476	198.92742927429273
SAMN54984662	556872	4413	342.479704797048
SAMN54984663	449231	3571	276.279827798278
SAMN54984664	186015	1501	114.40036900369003
SAMN54984665	673496	5277	414.20418204182045
SAMN54984666	399501	3138	245.69557195571954
SAMN54984667	483623	3793	297.43111931119313
SAMN54984668	32209	249	19.80873308733087
SAMN54984669	536135	4199	329.72632226322264
SAMN54984670	1017048	8052	625.490774907749
SAMN54984671	1011609	7974	622.1457564575646
SAMN54984672	492467	3920	302.87023370233703
SAMN54984673	332450	2650	204.45879458794587
SAMN54984674	356476	2848	219.2349323493235
SAMN54984675	302419	2382	185.98954489544894
SAMN54984676	26163	205	16.09040590405904
SAMN54984677	161269	1277	99.18142681426814
SAMN54984678	120706	938	74.23493234932349
SAMN54984679	71924	593	44.233702337023374
SAMN54984680	376856	2918	231.76875768757688
SAMN54984681	213779	1674	131.47539975399755
SAMN54984682	177852	1363	109.380073800738
SAMN54984683	237805	1889	146.25153751537516
SAMN54984699	537277	4245	330.42865928659285
SAMN54984700	588062	4566	361.6617466174662
SAMN54984701	933101	7385	573.8628536285363
SAMN54984702	647130	5028	397.9889298892989
SAMN54984703	995282	7908	612.1045510455104
SAMN54984704	616087	4954	378.89729397293974
SAMN54984705	847798	6796	521.40098400984
SAMN54984706	1912168	15040	1175.9950799507994
SAMN54984707	281517	2170	173.13468634686348
SAMN54984708	150254	1175	92.4071340713407
SAMN54984709	768524	6050	472.6469864698647
SAMN54984710	448264	3510	275.6851168511685
SAMN54984711	440694	3465	271.02952029520293
SAMN54984712	370493	2934	227.85547355473554
SAMN54984713	1040389	8199	639.8456334563346
SAMN54984714	942781	7400	579.8161131611316
SAMN55014594	614950	4825	378.1980319803198
SAMN55014595	671005	5279	412.67220172201723
SAMN55014596	392260	3062	241.24231242312422
SAMN55014597	116988	917	71.94833948339483
SAMN55014598	250723	2009	154.1961869618696
SAMN55014599	468023	3809	287.8370233702337
SAMN55014600	1637506	12888	1007.0762607626076
SAMN55014601	2272093	18279	1397.351168511685
SAMN55014602	1499693	11973	922.320418204182
SAMN55014603	897904	7266	552.2164821648216
SAMN55014604	1145328	9159	704.3837638376384
SAMN55014605	1045587	8302	643.0424354243543
SAMN55014606	942022	7441	579.3493234932349
SAMN55014607	1019450	8084	626.9680196801968
SAMN55014608	674374	5273	414.74415744157443
SAMN55014609	298370	2390	183.49938499384993
SAMN55014610	368385	2939	226.5590405904059
SAMN55014611	596457	4733	366.8247232472325
SAMN55014612	374884	2991	230.5559655596556
SAMN55014613	247530	1981	152.23247232472326
SAMN55014614	247643	1962	152.3019680196802
SAMN55014615	841753	6635	517.6832718327183
SAMN55014616	1077645	8588	662.7583025830259
SAMN55014617	759760	5991	467.2570725707257
SAMN55014618	532055	4419	327.2170971709717
SAMN55014619	1547920	12444	951.9803198031981
SAMN55014620	913573	7315	561.8530135301353
SAMN55014621	1671517	13253	1027.9932349323494
SAMN55014622	852138	6713	524.070110701107
SAMN55014623	769252	6029	473.0947109471095
SAMN55037916	827241	7125	508.75830258302585
SAMN55037917	245174	1971	150.78351783517834
SAMN55037918	1052111	8221	647.0547355473554
SAMN55037919	1214817	9531	747.119926199262
SAMN55037920	755343	5848	464.5405904059041
SAMN55037922	319471	2597	196.47662976629766
SAMN55037923	668182	5320	410.9360393603936
SAMN55037924	661831	5283	407.030135301353
SAMN55037925	324333	2628	199.46678966789668
SAMN55037926	541432	4211	332.9840098400984
SAMN55037927	668274	5294	410.99261992619927
SAMN55037928	877387	6868	539.5984009840098
SAMN55037929	484197	3910	297.7841328413284
SAMN55037930	538067	4263	330.9145141451414
SAMN55037931	420316	3311	258.4969249692497
SAMN55037932	825572	6532	507.7318573185732
SAMN55037933	1228725	9859	755.6734317343173
SAMN55037934	954185	7561	586.829643296433
SAMN55037935	414416	3263	254.86838868388685
SAMN55037936	632838	5030	389.19926199261994
SAMN55037937	358682	2783	220.59163591635917
SAMN55037938	550641	4380	338.64760147601476
SAMN55037939	177814	1450	109.35670356703567
SAMN55037940	954839	7707	587.2318573185731
SAMN55037941	4062115	32688	2498.2257072570724
SAMN55038709	283944	2236	174.62730627306274
SAMN55038710	801086	6277	492.6728167281673
SAMN55038711	818932	6463	503.6482164821648
SAMN55038712	18633	144	11.459409594095941
SAMN55038713	1731924	13601	1065.1439114391144
SAMN55038714	434093	3359	266.969864698647
SAMN55038715	160563	1228	98.74723247232473
SAMN55038716	114496	899	70.41574415744158
SAMN55038717	11944	98	7.345633456334563
SAMN55038718	1614362	12763	992.8425584255842
SAMN55038719	641355	5031	394.4372693726937
SAMN55038720	121661	969	74.82226322263223
SAMN55038721	25753	202	15.838253382533825
SAMN55038722	118080	947	72.619926199262
SAMN55038723	564661	4469	347.269987699877
SAMN55038724	283194	2186	174.16605166051662
SAMN55038725	60257	460	37.05842558425584
SAMN55038726	128986	996	79.32718327183272
SAMN55038727	42039	329	25.854243542435423
SAMN55038728	101177	796	62.224477244772444
SAMN55038729	11634	87	7.154981549815498
SAMN55038730	66830	523	41.10086100861009
SAMN55038731	102330	797	62.93357933579336
SAMN55038732	277091	2153	170.41266912669127
SAMN55038733	407648	3290	250.7060270602706
SAMN55039069	4657801	36399	2864.5762607626075
SAMN55039070	3065768	24551	1885.4661746617467
SAMN55039071	2578282	20540	1585.659286592866
SAMN55039072	6643965	52720	4086.079335793358
SAMN55039073	1433479	11419	881.5984009840098
SAMN55039074	2637887	20890	1622.3167281672818
SAMN55039075	3725357	29665	2291.117466174662
SAMN55039076	686503	5393	422.20356703567035
SAMN55039077	1533133	12028	942.8862238622386
SAMN55039078	1069671	8488	657.8542435424354
SAMN55039079	3383199	25799	2080.688191881919
SAMN55039080	1935527	15095	1190.3610086100862
SAMN55039081	2937411	23090	1806.5258302583027
SAMN55039082	4131688	32901	2541.013530135301
SAMN55039083	2074087	16730	1275.5762607626077
SAMN55039084	871154	6990	535.7650676506765
SAMN55039085	6556729	56195	4032.428659286593
SAMN55039086	3892968	32824	2394.19926199262
SAMN55039087	55922	463	34.392373923739235
SAMN55039088	236211	1867	145.27121771217713
SAMN55039089	37447	305	23.030135301353013
SAMN55039090	91824	745	56.47232472324723
SAMN55039091	76206	615	46.867158671586715
SAMN55039092	132110	1066	81.24846248462485
SAMN55039093	67553	532	41.54551045510455
SAMN55279262	3405	31	2.0940959409594098
SAMN55279263	961008	7786	591.0258302583026
SAMN55279264	2582938	20755	1588.5227552275524
SAMN55279265	3699706	29561	2275.3419434194343
SAMN55279266	2797396	22006	1720.4157441574416
SAMN55279267	1636411	12849	1006.4028290282903
SAMN55279268	1226461	9673	754.2810578105781
SAMN55279269	901430	7040	554.3849938499385
SAMN55279270	2292438	18222	1409.8634686346863
SAMN55279271	561164	4417	345.1193111931119
SAMN55279272	119639	945	73.57872078720787
SAMN55279273	2340752	18588	1439.5768757687576
SAMN55279274	1595099	12616	980.9956949569496
SAMN55279275	3209536	25003	1973.8843788437885
SAMN55279276	2200463	16991	1353.2982779827798
SAMN55279277	553373	4334	340.32779827798277
SAMN55279278	1935760	15336	1190.5043050430504
SAMN55279279	2165375	16951	1331.7189421894218
SAMN55279280	3438137	27117	2114.4753997539974
SAMN55279281	4213743	33019	2591.4778597785976
SAMN55279282	3577438	27954	2200.146371463715
SAMN55279283	461705	3635	283.95141451414514
SAMN55279284	2170959	17553	1335.1531365313654
SAMN55279285	9208	72	5.662976629766297
SAMN55279286	1768471	13567	1087.620541205412
SAMN55279287	69012	532	42.44280442804428
SAMN55279288	62564	486	38.477244772447726
SAMN55279289	852218	6606	524.1193111931119
SAMN55279290	1823	16	1.1211562115621156
SAMN55279291	1706224	13266	1049.3382533825338
SAMN55279292	1419103	11027	872.7570725707257
SAMN55279293	2615336	20312	1608.4477244772447
SAMN55279294	613589	4785	377.3610086100861
SAMN55279295	2461292	19184	1513.709717097171
SAMN55279296	3869508	30388	2379.771217712177
SAMN55279297	2256504	17686	1387.7638376383763
SAMN55279298	424473	3385	261.05350553505536
SAMN55297800	2258287	18186	1388.860393603936
SAMN55297801	3894851	30704	2395.3573185731857
SAMN55297802	528176	4322	324.83148831488313
SAMN55297803	401736	3235	247.070110701107
SAMN55297804	929837	7358	571.8554735547356
SAMN55951600	19519	164	12.004305043050431
SAMN55951602	77774	619	47.831488314883146
SAMN55951604	6169	49	3.793972939729397
SAMN55951605	1033	8	0.6353013530135302
SAMN55951606	238600	2006	146.74046740467404
SAMN55951607	228154	1917	140.31611316113163
SAMN55951608	813	6	0.5
SAMN55951609	284	2	0.17466174661746617
SAMN55951610	0	0	0.0
SAMN55951611	361	3	0.2220172201722017
SAMN55951612	0	0	0.0
SAMN55951613	842	6	0.5178351783517835
SAMN55951614	1463	12	0.8997539975399754
SAMN55951615	5938	45	3.6519065190651907
SAMN55951616	5546	41	3.4108241082410826
SAMN55951617	8073	66	4.964944649446495
SAMN55951618	7645	61	4.701722017220172
SAMN55951619	4375	36	2.690651906519065
SAMN55951620	2221	18	1.365928659286593
SAMN55951621	1344	12	0.8265682656826568
SAMN55951622	8490	70	5.22140221402214
SAMN55951623	7148	56	4.396063960639607
SAMN55951624	10009	76	6.15559655596556
SAMN55951625	48872	404	30.056580565805657
SAMN55951626	77253	661	47.511070110701105
SAMN55951627	676971	5498	416.34132841328415
SAMN55951628	1585	15	0.9747847478474785
SAMN55951629	5114	42	3.145141451414514
SAMN55951630	900	7	0.5535055350553506
SAMN55951631	5853	52	3.5996309963099633
SAMN55951632	5677	45	3.491389913899139
SAMN55951633	24753	194	15.223247232472325
SAMN55951634	20882	160	12.842558425584256
SAMN55951635	79338	661	48.79335793357934
SAMN55951636	12279	100	7.551660516605166
SAMN55951637	19359	167	11.90590405904059
SAMN55951638	4836	41	2.974169741697417
SAMN55951639	16094	133	9.897908979089792
SAMN55951640	6443	54	3.9624846248462484
SAMN55951641	222198	1766	136.6531365313653
SAMN55951642	378970	3341	233.0688806888069
SAMN55951643	253099	2059	155.65744157441574
SAMN55951644	799	6	0.491389913899139
SAMN55951645	71054	567	43.69864698646987
SAMN55951646	24595	210	15.126076260762607
SAMN55951647	118872	960	73.1070110701107
SAMN55951648	2033	16	1.2503075030750308
SAMN55951649	100160	840	61.5990159901599
SAMN55951650	3068	28	1.8868388683886839
SAMN55951651	37438	310	23.02460024600246
SAMN55951652	37586	334	23.115621156211564
SAMN55951653	33746	297	20.7539975399754
SAMN55951654	1063	9	0.6537515375153752
SAMN55951655	87748	700	53.96555965559656
SAMN55951656	5382	42	3.309963099630996
SAMN55951657	10257	81	6.308118081180812
SAMN55951658	566	4	0.34809348093480935
SAMN55951659	1859	14	1.1432964329643296
SAMN55951663	10669	92	6.56150061500615
SAMN55951664	6916	54	4.253382533825338
SAMN55951665	4847	39	2.9809348093480934
SAMN55951666	3637	31	2.2367773677736777
SAMN55951667	5018	44	3.0861008610086103
SAMN55951668	93666	819	57.60516605166052
SAMN55951669	10750	90	6.6113161131611315
SAMN55951670	549	4	0.3376383763837638
SAMN55951671	660946	5444	406.4858548585486
SAMN55951672	272274	2264	167.45018450184503
SAMN55951673	21794	180	13.403444034440344
SAMN55951674	2323	18	1.428659286592866
SAMN55951675	19942	160	12.264452644526445
SAMN55951676	557269	4388	342.72386223862236
SAMN55951700	3434802	26825	2112.4243542435424
SAMN55951701	931910	7358	573.130381303813
SAMN55951702	864761	6839	531.8333333333334
SAMN55951726	1602347	12391	985.4532595325953
SAMN55951727	1201465	9417	738.9083640836409
SAMN55951728	2936141	23021	1805.7447724477245
SAMN55951729	254	2	0.15621156211562115
SAMN55951730	4532	37	2.787207872078721
SAMN55951731	13578	103	8.350553505535055
SAMN55951732	0	0	0.0
SAMN55951733	17951	145	11.039975399753997
SAMN55951734	1139	8	0.7004920049200491
SAMN55951735	15963	130	9.817343173431734
SAMN55951736	69228	570	42.57564575645756
SAMN55951737	601	8	0.36961869618696186
SAMN55951738	11198	91	6.886838868388684
SAMN55951739	31855	260	19.591020910209103
SAMN55951740	52437	431	32.24907749077491
SAMN55951741	0	0	0.0
SAMN55951742	8220	64	5.055350553505535
SAMN55951743	31613754	236770	19442.653136531364
SAMN55951744	1890289	15235	1162.5393603936038
SAMN55951745	63401	509	38.9920049200492
SAMN55951746	780239	6348	479.8517835178352
SAMN55951748	758653	6149	466.5762607626076
SAMN55951750	1673396	13838	1029.148831488315
SAMN55951752	80751	665	49.662361623616235
SAMN55951754	4535	36	2.789052890528905
SAMN55951756	7418	59	4.562115621156211
SAMN56287609	50243	404	30.899753997539975
SAMN56287610	42340	333	26.039360393603936
SAMN56287611	38031	307	23.38929889298893
SAMN56287612	101591	797	62.47908979089791
SAMN56287613	113792	902	69.98277982779828
SAMN56287614	3477	26	2.1383763837638377
SAMN56287615	78719	639	48.41266912669127
SAMN56287616	65101	534	40.03751537515375
SAMN56287617	79597	650	48.95264452644526
SAMN56287618	123007	973	75.65006150061501
SAMN56287619	140283	1113	86.27490774907749
SAMN56287620	246559	1960	151.63530135301352
SAMN56287621	226168	1730	139.09471094710946
SAMN56287622	560878	4589	344.94341943419437
SAMN56287623	136773	1044	84.11623616236163
SAMN56287624	28586	229	17.580565805658058
SAMN56287625	92430	770	56.845018450184504
SAMN56287626	185175	1508	113.88376383763837
SAMN56287627	22085	182	13.58241082410824
SAMN56287628	0	0	0.0
SAMN56287629	5766	47	3.5461254612546127
SAMN56287630	73594	566	45.26076260762608
SAMN56287631	40644	317	24.99630996309963
SAMN56287632	65559	523	40.31918819188192
SAMN56287633	97750	778	60.11685116851169
SAMN56287634	108252	857	66.57564575645756
SAMN56287635	63723	499	39.190036900369
SAMN56287636	16258	124	9.998769987699877
SAMN56287637	146432	1160	90.05658056580566
SAMN56287638	55107	437	33.891143911439116
SAMN56287639	71363	577	43.88868388683887
SAMN56287640	61502	500	37.82410824108241
SAMN56287641	115683	966	71.14575645756457
SAMN56287642	153301	1211	94.2810578105781
SAMN56287643	248693	1979	152.94772447724478
SAMN56287644	529114	4282	325.40836408364083
SAMN56287645	88382	727	54.355473554735546
SAMN56287646	191511	1501	117.78044280442805
SAMN56287647	287114	2299	176.57687576875767
SAMN56287648	121183	1083	74.52829028290283
SAMN56287649	351613	2666	216.24415744157443
SAMN56287650	246065	1800	151.33148831488316
SAMN56287651	114982	924	70.71463714637146
SAMN56287652	249201	1976	153.260147601476
SAMN56287653	5553	46	3.415129151291513
SAMN56287654	20931	167	12.87269372693727
SAMN56287655	68839	544	42.33640836408364
SAMN56287656	256526	2048	157.7650676506765
SAMN56287657	308089	2458	189.47662976629766
SAMN56287658	30157	228	18.546740467404675
SAMN56287659	249899	1984	153.68942189421895
SAMN56287660	101029	761	62.13345633456335
SAMN57413687	248	2	0.15252152521525214
SAMN57413688	722183	5558	444.1469864698647
SAMN57413689	16105	136	9.904674046740467
SAMN57413690	36018	306	22.15129151291513
SAMN57413691	156246	1305	96.09225092250922
SAMN57413692	3498	34	2.151291512915129
SAMN57413693	11327	95	6.966174661746617
SAMN57413694	2292	20	1.4095940959409594
SAMN57413695	2691	22	1.654981549815498
SAMN57413696	156467	1216	96.22816728167281
SAMN57413697	1183	14	0.7275522755227553
SAMN57413698	9642	81	5.929889298892989
SAMN57413699	7339	59	4.513530135301353
SAMN57413700	4833	39	2.9723247232472323
SAMN57413701	43409	341	26.69680196801968
SAMN57413702	14327	112	8.81119311193112
SAMN57413703	8391	70	5.160516605166052
SAMN57413704	111118	871	68.33825338253382
SAMN57413705	448769	3475	275.9956949569496
SAMN57413706	1043250	8260	641.6051660516605
SAMN57413707	1181	12	0.7263222632226323
SAMN57413708	944	8	0.5805658056580566
SAMN57413709	1892	18	1.1635916359163592
SAMN57413710	5473	45	3.3659286592865927
SAMN57413711	62104	496	38.19434194341943
SAMN57413712	822082	6285	505.5854858548586
SAMN57413713	2133168	16711	1311.9114391143912
SAMN57413714	4880922	37968	3001.7970479704795
SAMN57413715	404838	3107	248.97785977859778
SAMN57413716	259575	2008	159.64022140221402
SAMN57413717	1952	15	1.2004920049200491
SAMN57413718	3300	29	2.029520295202952
SAMN57413719	4575	37	2.8136531365313653
SAMN57413720	1553157	11909	955.2011070110701
SAMN57413721	34313	286	21.10270602706027
SAMN57413722	807355	6290	496.52829028290284
SAMN57413723	4746154	34568	2918.9138991389914
SAMN57413724	2455548	18013	1510.1771217712178
SAMN57413725	2387945	17943	1468.60086100861
SAMN57413726	643986	5143	396.05535055350555
SAMN57413727	1870164	13714	1150.1623616236163
SAMN57413728	1338449	10195	823.1543665436654
SAMN57413729	1822790	14329	1121.0270602706028
SAMN57413730	2219805	16031	1365.1937269372693
SAMN57413731	1550995	11675	953.8714637146371
SAMN57413732	2474661	18478	1521.9317343173432
SAMN57413733	2465361	18464	1516.2121771217712
SAMN57413734	2883754	21628	1773.5264452644526
SAMN57413735	11187955	84023	6880.661131611316
SAMN57413736	4407059	33486	2710.3683886838867
SAMN57413737	1969844	15663	1211.4661746617467
SAMN57413738	2744442	20597	1687.8487084870849
SAMN57413740	6039682	45003	3714.441574415744
SAMN57413741	7637216	59232	4696.934809348093
SAMN57413742	4790292	36640	2946.059040590406
SAMN57413743	1535034	12257	944.0553505535055
SAMN57413744	1761612	14049	1083.4022140221402
SAMN57413745	1331124	10552	818.649446494465
SAMN57413746	1825185	14604	1122.5
SAMN57413747	1837137	14529	1129.8505535055351
SAMN57413748	2440106	19320	1500.6801968019681
SAMN57413749	4730371	35443	2909.207257072571
SAMN57413750	6166390	45704	3792.3677736777367
SAMN57413751	2260740	16762	1390.3690036900368
SAMN57413752	7147016	53243	4395.458794587946
SAMN57413753	4010207	29956	2466.3019680196803
SAMN57413754	3182527	23678	1957.2736777367775
SAMN57413755	2291989	18464	1409.5873308733087
SAMN57413756	2528246	20430	1554.8868388683886
SAMN57413757	3284709	24572	2020.1162361623617
SAMN57413758	5927577	43837	3645.4963099630995
SAMN57413759	2046771	15237	1258.7767527675276
SAMN57413762	10598220	79621	6517.970479704797
SAMN57413763	16752700	123566	10303.013530135302
SAMN57413764	10522148	78951	6471.185731857318
SAMN57413765	9899124	75455	6088.022140221402
SAMN57413766	1896640	14215	1166.4452644526446
SAMN57413767	2559793	19259	1574.288437884379
SAMN57413768	894540	7022	550.1476014760148
SAMN57413769	1946005	15637	1196.8050430504304
SAMN57413770	655444	5213	403.1020910209102
SAMN57413771	3051395	22922	1876.6266912669128
SAMN57413772	2199395	16521	1352.6414514145142
SAMN57413773	3209253	25265	1973.710332103321
SAMN57413774	444187	3652	273.1777367773678
SAMN57413775	1028788	7761	632.7109471094711
SAMN57413776	2674223	20408	1644.6635916359164
SAMN57413777	2385363	18040	1467.0129151291512
SAMN57413778	2467519	18281	1517.5393603936038
SAMN57413779	2292335	17292	1409.80012300123
SAMN57413780	129841	1042	79.8530135301353
SAMN57413781	63616	526	39.124231242312426
SAMN57413782	956837	7280	588.4606396063961
SAMN57413783	2028664	15122	1247.640836408364
SAMN57413784	307204	2314	188.93234932349324
SAMN57413785	45657	348	28.079335793357934
SAMN57413786	40592	312	24.964329643296434
SAMN57413787	784983	5970	482.76937269372695
SAMN57413789	1477724	10958	908.8093480934809
SAMN57413790	127294	990	78.28659286592865
SAMN57413791	409154	3138	251.63222632226322
SAMN57413792	139017	1080	85.49630996309963
SAMN57413793	304104	2432	187.0258302583026
SAMN57413794	2307466	17384	1419.1057810578106
SAMN57413795	424776	3147	261.23985239852396
SAMN57413796	1404089	10572	863.5233702337023
SAMN57413797	331759	2516	204.0338253382534
SAMN57413798	573201	4335	352.5221402214022
SAMN57413799	947094	7103	582.4686346863468
SAMN57413801	1426072	10699	877.0430504305043
SAMN57413802	76021	565	46.75338253382534
SAMN57413803	633968	4797	389.8942189421894
SAMN57413804	114696	965	70.53874538745387
SAMN57413805	124635	1010	76.65129151291512
SAMN57413806	319386	2472	196.42435424354244
SAMN57413807	304122	2306	187.0369003690037
SAMN57413808	528293	4065	324.9034440344403
SAMN57413809	1918519	14504	1179.9009840098402
SAMN57413810	78761	614	48.43849938499385
SAMN57413811	251437	1939	154.63530135301352
SAMN57413813	271316	2044	166.8610086100861
SAMN57413814	695036	5428	427.45141451414514
SAMN57413815	933746	7200	574.2595325953259
SAMN57413816	22886	188	14.075030750307503
SAMN57413817	2668	20	1.6408364083640836
SAMN57413818	28829	216	17.730012300123
SAMN57413819	22824	173	14.03690036900369
SAMN57413820	1780	14	1.0947109471094711
SAMN57413821	25427	195	15.637761377613776
SAMN57413822	23279	183	14.316728167281672
SAMN57413823	17813	132	10.95510455104551
SAMN57413825	42845	318	26.349938499384994
SAMN57413826	10008	72	6.154981549815498
SAMN57413827	20027	151	12.316728167281672
SAMN57413828	34647	273	21.30811808118081
SAMN57413829	1766	16	1.08610086100861
SAMN57413830	123985	931	76.25153751537515
SAMN57413831	157403	1186	96.80381303813039
SAMN57413832	49537	374	30.465559655596557
SAMN57413833	168224	1276	103.45879458794587
SAMN57413834	17705	134	10.888683886838868
SAMN57413835	6654	48	4.092250922509225
SAMN57413837	472661	3622	290.6894218942189
SAMN57413838	190951	1423	117.43603936039361
SAMN57413839	749975	5769	461.2392373923739
SAMN57413840	215955	1720	132.81365313653137
SAMN57413841	3143383	23604	1933.19987699877
SAMN57413842	25756	194	15.84009840098401
SAMN57413843	811836	6278	499.2841328413284
SAMN57413844	131691	1071	80.99077490774907
SAMN57413845	269365	2040	165.6611316113161
SAMN57413846	3628843	27518	2231.760762607626
SAMN57413847	931946	6906	573.1525215252152
SAMN57413848	631707	4763	388.50369003690037
SAMN57413849	792253	6069	487.24046740467406
SAMN57413850	464672	3700	285.77613776137764
SAMN57413851	335031	2692	206.0461254612546
SAMN57413852	574966	4623	353.6076260762608
SAMN57413853	1004564	7642	617.8130381303813
SAMN57413854	222008	1674	136.53628536285362
SAMN57413855	640471	4890	393.89360393603937
SAMN57413856	181406	1477	111.56580565805658
SAMN57413857	370339	3066	227.76076260762608
SAMN57413858	2372251	18447	1458.9489544895448
SAMN57413860	1413788	10981	869.4883148831489
SAMN57413861	393912	3067	242.25830258302582
SAMN57413862	3268575	25581	2010.1937269372693
SAMN57413863	2149457	16877	1321.929274292743
SAMN57413864	2477634	19412	1523.760147601476
SAMN57413865	3457356	25623	2126.2952029520297
SAMN57413866	484060	3634	297.69987699877
SAMN57413867	4881794	36593	3002.3333333333335
SAMN57413868	2898971	23243	1782.8849938499386
SAMN57413869	3888141	30331	2391.230627306273
SAMN57413870	1978412	14735	1216.7355473554735
SAMN57413872	3639467	26857	2238.2945879458794
SAMN57413873	5044776	37212	3102.5682656826566
SAMN57413874	3666870	27842	2255.1476014760146
SAMN57413875	2475266	19451	1522.3038130381303
SAMN57413876	2520172	20193	1549.9212792127921
SAMN57413877	2828202	22321	1739.361623616236
SAMN57413878	4186695	31290	2574.843173431734
SAMN57413879	533667	3972	328.20848708487085
SAMN57413880	2900291	21692	1783.6968019680196
SAMN57413881	1805538	14358	1110.4169741697417
SAMN57413882	1958162	15938	1204.2816728167281
SAMN57413883	669198	5083	411.5608856088561
SAMN57413885	1272988	9614	782.8954489544896
SAMN57413886	1158570	8973	712.5276752767528
SAMN57413887	613535	4827	377.32779827798277
SAMN57413888	1137221	9059	699.3979089790898
SAMN57413889	2133370	16796	1312.0356703567036
SAMN57413890	2520161	18556	1549.9145141451415
SAMN57413891	439190	3358	270.10455104551045
SAMN57413892	775265	5797	476.7927429274293
SAMN57413893	178517	1449	109.78905289052891
SAMN57413894	597984	4731	367.7638376383764
SAMN57413895	159765	1199	98.25645756457564
SAMN57413897	340644	2585	209.49815498154982
SAMN57413898	174642	1321	107.4059040590406
SAMN57413899	1985740	15842	1221.2423124231243
SAMN57413900	121223	963	74.5528905289053
SAMN57413901	1139544	9120	700.8265682656827
SAMN57413902	1219955	9741	750.279827798278
SAMN57413903	2654090	19707	1632.2816728167281
SAMN57413904	2249853	16985	1383.6734317343173
SAMN57413905	3162823	24324	1945.1555965559655
SAMN57413906	1294092	10275	795.8745387453874
SAMN57413907	1400438	10530	861.2779827798278
SAMN57413909	484819	3589	298.1666666666667
SAMN57413910	4037238	29410	2482.9261992619927
SAMN57413911	3398041	25664	2089.8161131611314
SAMN57413912	1210484	9705	744.4551045510456
SAMN57413913	811126	5981	498.84747847478474
SAMN57413914	2541528	19130	1563.0553505535056
SAMN57413915	3017345	22714	1855.6857318573186
SAMN57413916	2663379	21329	1637.9944649446495
SAMN57413917	646786	4847	397.7773677736777
SAMN57413918	612815	4545	376.8849938499385
SAMN57413919	304987	2284	187.5688806888069
SAMN57413920	2018303	15032	1241.268757687577
SAMN57413921	1283210	9499	789.1820418204182
SAMN57413922	1689650	13270	1039.1451414514145
SAMN57413923	2362521	17451	1452.9649446494466
SAMN57413924	1831324	13406	1126.2755227552275
SAMN57413925	2172121	16531	1335.8677736777367
SAMN57413926	1511431	12023	929.5393603936039
SAMN57413927	209831	1550	129.04735547355475
SAMN57413928	507119	3738	311.88130381303813
SAMN57413929	3964577	29090	2438.239237392374
SAMN57413930	2205936	17340	1356.6642066420663
SAMN57413931	1011223	7689	621.9083640836409
SAMN57413932	5409	41	3.3265682656826567
SAMN57413933	1403	10	0.8628536285362853
SAMN57413934	106530	867	65.51660516605166
SAMN57413935	40021	307	24.613161131611317
SAMN57413936	129838	1008	79.85116851168512
SAMN57413937	489587	3684	301.0990159901599
SAMN57413938	133137	1063	81.880073800738
SAMN57413939	8134	65	5.002460024600246
SAMN57413940	1154336	9380	709.9237392373924
SAMN57413941	683547	5404	420.38560885608854
SAMN57413942	494479	4037	304.1076260762608
SAMN57413943	2170117	16227	1334.6353013530136
SAMN57413944	393936	2928	242.27306273062732
SAMN57413945	1649207	12362	1014.2724477244773
SAMN57413946	1593298	12042	979.8880688806888
SAMN57413947	1868246	15087	1148.9827798277984
SAMN57413948	2760255	20149	1697.5738007380073
SAMN57413949	979393	7312	602.3327183271832
SAMN57413950	939055	6920	577.5246002460025
SAMN57413951	2072135	15214	1274.3757687576876
SAMN57413952	1135751	8552	698.4938499384994
SAMN57413953	145661	1157	89.58241082410824
SAMN57413954	75159	597	46.223247232472325
SAMN57413955	269618	2154	165.81672816728167
SAMN57413956	246386	1995	151.5289052890529
SAMN57413957	232034	1761	142.70233702337023
SAMN57413958	120341	919	74.01045510455104
SAMN57413959	273764	2114	168.36654366543667
SAMN57413960	352749	2796	216.94280442804427
SAMN57413961	474792	3494	292.0
SAMN57413963	187388	1370	115.24477244772447
SAMN57413964	725139	5317	445.9649446494465
SAMN57413965	115510	877	71.03936039360394
SAMN57413966	2817555	22094	1732.8136531365315
SAMN57413967	1306420	10325	803.4563345633456
SAMN57413968	1236187	9965	760.2626076260763
SAMN57413969	2985015	23935	1835.8025830258302
SAMN57413970	1023129	7587	629.230627306273
SAMN57413971	62074	480	38.17589175891759
SAMN57413972	1013463	7827	623.2859778597787
SAMN57413973	2692621	21578	1655.978474784748
SAMN57413974	1405933	10458	864.6574415744158
SAMN57413976	389963	2891	239.82964329643298
SAMN57413977	2785274	20881	1712.9606396063962
SAMN57413978	717572	5537	441.3111931119311
SAMN57413979	481301	3773	296.0030750307503
SAMN57413980	918304	7248	564.7626076260763
SAMN57413981	944489	7738	580.8665436654367
SAMN57413982	522842	4179	321.5510455104551
SAMN57413983	629824	4725	387.34563345633455
SAMN57413984	491499	3634	302.2749077490775
SAMN57413985	1202358	9184	739.4575645756457
SAMN57413986	725825	5817	446.3868388683887
SAMN57413987	1005273	7460	618.2490774907749
SAMN57413989	319547	2387	196.52337023370234
SAMN57413990	4176938	30019	2568.8425584255842
SAMN57413991	683031	5352	420.06826568265683
SAMN57413992	6277483	49204	3860.690651906519
SAMN57413993	1619055	12619	995.7287822878229
SAMN57413994	3603685	28389	2216.2884378843787
SAMN57413995	6042302	48186	3716.052890528905
SAMN57413996	3784426	27900	2327.4452644526446
SAMN57413997	1963187	14557	1207.3720787207872
SAMN57413998	4878762	36633	3000.468634686347
SAMN57413999	2305041	18264	1417.6143911439115
SAMN57414000	2650297	19674	1629.9489544895448
SAMN57414002	2312208	17206	1422.0221402214022
SAMN57414003	7837147	58868	4819.89360393604
SAMN57414004	3272831	24300	2012.811193111931
SAMN57414005	18912	149	11.6309963099631
SAMN57414006	40852	346	25.124231242312423
SAMN57414007	37880	294	23.296432964329643
SAMN57414008	17422	150	10.714637146371464
SAMN57414009	227387	1777	139.84440344403444
SAMN57414010	10939	93	6.727552275522755
SAMN57414011	670	6	0.41205412054120544
SAMN57414012	26075	196	16.03628536285363
SAMN57414013	12876	102	7.918819188191882
SAMN57414014	59061	463	36.32287822878229
SAMN57414015	726	5	0.44649446494464945
SAMN57414016	802	7	0.4932349323493235
SAMN57414017	69227	527	42.575030750307505
SAMN57414018	14066	108	8.650676506765068
SAMN57414019	0	0	0.0
SAMN57414020	2539	25	1.5615006150061501
SAMN57414021	17535	136	10.784132841328413
SAMN57414022	229104	1701	140.90036900369003
SAMN57414023	10986	97	6.756457564575646
SAMN57414024	1102	8	0.6777367773677737
SAMN57414025	2852	27	1.7539975399753998
SAMN57414026	6968	56	4.285362853628536
SAMN57414027	595503	4338	366.2380073800738
SAMN57414028	29178	213	17.944649446494466
SAMN57414029	11000	85	6.765067650676507
SAMN57414030	47797	359	29.395448954489545
SAMN57414031	1708	12	1.050430504305043
SAMN57414032	5443	39	3.3474784747847477
SAMN57414033	20957	156	12.888683886838868
SAMN57414034	297	2	0.18265682656826568
SAMN57414035	0	0	0.0
SAMN57414036	1513118	13192	930.5768757687576
SAMN57414037	98224	781	60.40836408364083
SAMN57414038	90163	667	55.45079950799508
SAMN57414039	153900	1193	94.64944649446494
SAMN57414040	3700	30	2.275522755227552
SAMN57414041	3828	31	2.3542435424354244
SAMN57414042	1551	12	0.9538745387453874
SAMN57414043	1812	14	1.1143911439114391
SAMN57414044	530067	4572	325.99446494464945
SAMN57414045	314285	2534	193.2872078720787
SAMN57414046	1004605	7559	617.8382533825338
SAMN57414047	1000672	7476	615.419434194342
SAMN57414048	1893855	14199	1164.7324723247232
SAMN57414049	1011001	8280	621.7718327183272
SAMN57414050	699339	5231	430.09778597785976
SAMN57414051	1816287	13603	1117.0276752767527
SAMN57414052	1396052	10357	858.580565805658
SAMN57414053	3284886	24065	2020.2250922509224
SAMN57414054	1088286	8141	669.3025830258302
SAMN57414055	210414	1670	129.40590405904058
SAMN57414056	896135	7062	551.1285362853629
SAMN57414057	1431447	10726	880.3487084870849
SAMN57414058	1347933	10097	828.9870848708487
SAMN57414059	1560589	11635	959.7718327183272
SAMN57414060	631841	5089	388.5861008610086
SAMN57414061	1172661	8952	721.1937269372694
SAMN57414062	2406430	17811	1479.969249692497
SAMN57414063	2280013	16859	1402.2220172201721
SAMN57414064	2267828	16724	1394.7281672816728
SAMN57414065	3200842	24266	1968.5375153751538
SAMN57414066	334989	2813	206.02029520295204
SAMN57414067	435362	3419	267.750307503075
SAMN57414068	22203	172	13.654981549815497
SAMN57414069	91288	733	56.14268142681427
SAMN57414070	39541	326	24.317958179581797
SAMN57414071	85179	671	52.38560885608856
SAMN57414072	50707	385	31.185116851168512
SAMN57414073	348070	2606	214.0651906519065
SAMN57414074	67813	507	41.70541205412054
SAMN57414075	283726	2091	174.4932349323493
SAMN57414076	91412	690	56.218942189421895
SAMN57414077	659814	4932	405.78966789667896
SAMN57414078	19017	159	11.695571955719558
SAMN57414079	160112	1284	98.46986469864699
SAMN57414080	47714	359	29.34440344403444
SAMN57414081	76701	575	47.17158671586716
SAMN57414084	355109	2646	218.3942189421894
SAMN57414085	716982	5324	440.9483394833948
SAMN57414086	54122	392	33.285362853628534
SAMN57414087	180932	1398	111.27429274292743
SAMN57414088	36227	274	22.27982779827798
SAMN57414089	234437	1743	144.180196801968
SAMN57495857	22270	160	13.69618696186962
SAMN57495858	39853	295	24.509840098400986
SAMN57495859	12384	86	7.6162361623616235
SAMN57495860	0	0	0.0
SAMN57495861	46926	362	28.85977859778598
SAMN57495862	90577	703	55.70541205412054
SAMN57495863	0	0	0.0
SAMN57495864	29348	234	18.04920049200492
SAMN57495865	34765	333	21.38068880688807
SAMN57495866	0	0	0.0
SAMN57495867	167948	1399	103.28905289052891
SAMN57495868	74985	610	46.11623616236162
SAMN57495869	82972	695	51.02829028290283
SAMN57495870	207700	1576	127.73677736777368
SAMN57495871	215709	1685	132.66236162361625
SAMN57495872	398019	3263	244.78413284132841
SAMN57495873	217423	1770	133.71648216482166
SAMN57495874	42384	335	26.066420664206642
SAMN57495875	50435	401	31.017835178351785
SAMN57495876	20686	159	12.722017220172201
SAMN57495877	0	0	0.0
SAMN57495878	405779	3187	249.55658056580566
SAMN57495879	38921	331	23.936654366543664
SAMN57495880	55738	441	34.27921279212792
SAMN57495881	217839	1692	133.97232472324723
SAMN57495882	101976	805	62.715867158671585
SAMN57495883	550140	4350	338.33948339483396
SAMN57495884	0	0	0.0
SAMN57495885	414426	3387	254.87453874538744
SAMN57495886	225514	1783	138.69249692496925
SAMN57495887	147623	1151	90.78905289052891
SAMN57495888	646354	5095	397.51168511685114
SAMN57495889	284954	2240	175.24846248462484
SAMN57495890	124293	946	76.4409594095941
SAMN57495891	49736	409	30.587945879458793
SAMN57495892	671161	5397	412.7681426814268
SAMN57495893	81389	736	50.05473554735547
SAMN57495894	0	0	0.0
SAMN57495895	185974	1556	114.37515375153751
SAMN57495896	138462	1089	85.1549815498155
SAMN57495897	255374	2081	157.05658056580566
SAMN57495898	532147	4187	327.27367773677736
SAMN57495899	402877	3168	247.77183271832718
SAMN57495900	333313	2642	204.98954489544894
SAMN57495901	0	0	0.0
SAMN57495902	425668	3371	261.7884378843788
SAMN57495903	1000027	8027	615.0227552275522
SAMN57495904	1183268	9451	727.7170971709717
SAMN57495905	375423	2955	230.88745387453875
SAMN57495906	330207	2744	203.07933579335793
SAMN57495907	505833	4039	311.090405904059
SAMN57495908	636039	5074	391.16789667896677
SAMN57495909	1305076	10260	802.629766297663
SAMN57495910	488810	3838	300.6211562115621
SAMN57495911	817121	6560	502.53444034440344
SAMN57495912	441547	3529	271.5541205412054
SAMN57495913	1295005	10235	796.4360393603936
SAMN57495914	611588	4851	376.130381303813
SAMN57495915	739963	5834	455.08179581795815
SAMN57495916	571862	4564	351.69864698646984
SAMN57495917	474012	3835	291.520295202952
SAMN57495918	1539465	12222	946.780442804428
SAMN57495919	1482903	11950	911.9944649446494
SAMN57495920	1242496	10000	764.1426814268143
SAMN57495921	1802809	14363	1108.7386223862238
SAMN57495922	2564192	20428	1576.9938499384994
SAMN57495923	2476769	19493	1523.2281672816728
SAMN57495924	3528159	27849	2169.839483394834
SAMN57495925	27510	222	16.918819188191883
SAMN57495926	63892	478	39.2939729397294
SAMN57495927	310147	2208	190.74231242312422
SAMN57495928	158201	1318	97.29458794587946
SAMN57495929	495777	3914	304.9059040590406
SAMN57495930	556493	4360	342.24661746617465
SAMN57495931	299319	2330	184.0830258302583
SAMN57495932	258419	2071	158.92927429274292
SAMN57495933	1175322	9118	722.830258302583
SAMN57495934	163628	1333	100.63222632226322
SAMN57495935	519763	3830	319.65744157441577
SAMN57495936	300669	2451	184.91328413284134
SAMN57495937	599801	4819	368.88130381303813
SAMN57495938	728998	5784	448.3382533825338
SAMN57495939	118048	857	72.60024600246003
SAMN57495940	606514	4882	373.00984009840096
SAMN57495941	1076851	8322	662.269987699877
SAMN57495942	639445	5030	393.26260762607626
SAMN57495943	325094	2616	199.9348093480935
SAMN57495944	555454	4451	341.6076260762608
SAMN57495945	1809416	14310	1112.80196801968
SAMN57495946	2466509	19384	1516.9182041820418
SAMN57495947	602224	4788	370.3714637146372
SAMN57495948	180196	1446	110.82164821648216
SAMN57495949	900555	7166	553.8468634686346
SAMN57495950	180589	1420	111.06334563345634
SAMN57495951	1171376	9362	720.4034440344403
SAMN57495952	1830593	14705	1125.8259532595325
SAMN57495953	437325	3536	268.95756457564573
SAMN57495954	1472069	11845	905.3314883148831
SAMN57495955	1931556	15296	1187.918819188192
SAMN57495956	1235799	9873	760.0239852398524
SAMN57495957	1730251	13585	1064.1150061500614
SAMN57495958	155047	1204	95.35485854858548
SAMN57495959	150357	1182	92.47047970479704
SAMN57495960	269182	2148	165.54858548585486
SAMN57495961	388237	3121	238.7681426814268
SAMN57495962	345045	2822	212.2047970479705
SAMN57495963	1392652	11142	856.489544895449
SAMN57495964	869647	6977	534.8382533825338
SAMN57495965	441961	3492	271.8087330873309
SAMN57495966	629119	5018	386.9120541205412
SAMN57495967	922470	7541	567.3247232472324
SAMN57495968	606327	4743	372.8948339483395
SAMN57495969	388829	3158	239.13222632226322
SAMN57495970	1850849	14315	1138.2835178351784
SAMN57495971	214312	1683	131.80319803198032
SAMN57495972	2097101	16535	1289.730012300123
SAMN57495973	1110578	8764	683.0123001230012
SAMN57495974	3561116	27871	2190.108241082411
SAMN57495975	3368782	26337	2071.821648216482
SAMN57495976	1714981	13364	1054.7238622386224
SAMN57495977	1274120	9938	783.5916359163591
SAMN57495978	772375	5956	475.01537515375156
SAMN57495979	1965977	15394	1209.0879458794589
SAMN57495980	1730119	13532	1064.0338253382533
SAMN57495981	1967846	15665	1210.2373923739237
SAMN57495982	1345825	10754	827.6906519065191
SAMN57495983	3779327	30018	2324.309348093481
SAMN57495984	3684541	28764	2266.0153751537514
SAMN57495985	6185134	49334	3803.8954489544894
SAMN57495986	5256808	41449	3232.9692496924968
SAMN61656585	3800	32	2.337023370233702
SAMN61656586	94630	749	58.198031980319804
SAMN61656587	1837512	14212	1130.081180811808
SAMN61656588	2108423	16041	1296.6931119311193
SAMN61656589	1648	12	1.013530135301353
SAMN61656590	58525	449	35.993234932349324
SAMN61656591	673851	5524	414.42250922509226
SAMN61656592	13961	115	8.58610086100861
SAMN61656593	8965	70	5.513530135301353
SAMN61656594	3591842	28241	2209.0049200492003
SAMN61656595	44007	339	27.064575645756456
SAMN61656596	69685	545	42.85670356703567
SAMN61656597	1327	10	0.8161131611316114
SAMN61656598	19420	159	11.943419434194341
SAMN61656599	858081	6920	527.7250922509226
SAMN61656600	2036	16	1.2521525215252152
SAMN61656601	4785	38	2.9428044280442807
SAMN61656602	11451	84	7.0424354243542435
SAMN61656603	26492	213	16.292742927429273
SAMN61656604	898424	7306	552.5362853628536
SAMN61656605	14707	117	9.04489544895449
SAMN61656606	28524	244	17.542435424354245
SAMN61656607	41244	320	25.365313653136532
SAMN61656608	31462	231	19.349323493234934
SAMN61656609	413299	3269	254.18142681426815
SAMN61656610	6937	56	4.26629766297663
SAMN61656611	846	8	0.5202952029520295
SAMN61656612	316836	2543	194.8560885608856
SAMN61656613	22957	221	14.11869618696187
SAMN61656614	11607	93	7.138376383763838
SAMN61656615	461572	3806	283.869618696187
SAMN61656616	580745	4716	357.1617466174662
SAMN61656617	859823	6922	528.7964329643296
SAMN61656618	1186923	10003	729.9649446494465
SAMN61656619	354432	2820	217.97785977859778
SAMN61656620	2805	20	1.7250922509225093
SAMN61656621	4745587	36768	2918.5651906519065
SAMN61656622	911082	7110	560.3210332103321
SAMN61656623	847341	6819	521.119926199262
SAMN61656624	5701364	44839	3506.3739237392374
SAMN61656625	7895	63	4.855473554735547
SAMN61656626	100329	760	61.7029520295203
SAMN61656627	96059	748	59.07687576875769
SAMN61656628	874311	6703	537.7066420664206
SAMN61656629	631974	4938	388.66789667896677
SAMN61656630	259417	2054	159.5430504305043
SAMN61656631	61654	482	37.917589175891756
SAMN61656632	303710	2375	186.78351783517834
SAMN61656633	93152	713	57.28905289052891
SAMN61656634	573111	4319	352.4667896678967
SAMN61656635	1124759	8632	691.7337023370234
SAMN61656636	8829	74	5.429889298892989
SAMN61656637	1058858	8021	651.2041820418204
SAMN61656638	6628	52	4.076260762607626
SAMN61656639	531394	4173	326.8105781057811
SAMN61656640	5904482	46938	3631.292742927429
SAMN61656641	1019408	7898	626.9421894218942
SAMN61656642	399766	3144	245.85854858548586
SAMN61656643	429772	3474	264.31242312423126
SAMN61656644	0	0	0.0
SAMN61656645	94086	795	57.86346863468635
SAMN61656646	20545	139	12.63530135301353
SAMN61656647	1494109	11805	918.8862238622386
SAMN61656648	1396537	10921	858.8788437884378
SAMN61656649	647089	4963	397.9637146371464
SAMN61656650	7562	58	4.650676506765068
SAMN61656651	191301	1519	117.65129151291512
SAMN61656652	1065630	8435	655.369003690037
SAMN61656653	749554	6061	460.98031980319803
SAMN61656654	876515	7062	539.0621156211562
SAMN61656655	1286306	11927	791.0861008610086
SAMN61656656	1137363	8887	699.4852398523985
SAMN61656657	589823	4739	362.7447724477245
SAMN61656658	1456779	11205	895.9280442804428
SAMN61656659	1229328	9207	756.0442804428044
SAMN61656660	525130	3902	322.95817958179583
SAMN61656661	906779	6689	557.6746617466175
SAMN61656662	236592	1788	145.50553505535055
SAMN61656663	2587046	19348	1591.049200492005
SAMN61656664	1704861	12531	1048.5
SAMN61656665	1248247	9343	767.679581795818
SAMN61656666	2762541	20764	1698.979704797048
SAMN61656667	7536	76	4.634686346863469
SAMN61656668	1334567	10142	820.7669126691267
SAMN61656669	35623	288	21.908364083640837
SAMN61656670	1083835	7915	666.5651906519065
SAMN61656671	2386804	18172	1467.89913899139
SAMN61656672	3396797	25897	2089.051045510455
SAMN61656673	1737460	13100	1068.5485854858548
SAMN61656674	1841988	13774	1132.8339483394834
SAMN61656675	621592	4685	382.2829028290283
SAMN61656676	933148	7225	573.8917589175892
SAMN61656677	4732840	35300	2910.7257072570724
SAMN61656678	600468	4637	369.29151291512915
SAMN61656679	2145975	16097	1319.7878228782288
SAMN61656680	1341890	9770	825.270602706027
SAMN61656681	1946499	14563	1197.108856088561
SAMN61656682	1011957	7576	622.359778597786
SAMN61656683	1835843	13610	1129.0547355473554
SAMN61656684	1439331	10902	885.1974169741698
SAMN61656685	2041125	15721	1255.3044280442805
SAMN61656686	6924498	51219	4258.608856088561
SAMN61656687	8607228	64075	5293.49815498155
SAMN61656688	5029222	37279	3093.0024600246
SAMN61656689	6062967	45463	3728.7619926199263
SAMN61656690	1651814	12311	1015.8757687576875
SAMN61656691	699302	5208	430.0750307503075
SAMN61656692	1251131	9498	769.4532595325953
SAMN61656693	931909	7105	573.129766297663
SAMN61656694	2347441	17962	1443.6906519065192
SAMN61656695	1635845	12382	1006.0547355473554
SAMN61656696	1218664	9139	749.4858548585486
SAMN61656697	549533	4136	337.9661746617466
SAMN61656698	555038	4211	341.3517835178352
SAMN61656699	897185	6872	551.7742927429274
SAMN61656700	2201502	16246	1353.9372693726937
SAMN61656701	965529	7211	593.8062730627306
SAMN61656702	621112	4595	381.98769987699876
SAMN61656703	2346216	17540	1442.9372693726937
SAMN61656704	2543203	19290	1564.0854858548585
SAMN61656705	259213	1967	159.41758917589175
SAMN61656706	496141	3731	305.12976629766297
SAMN61656707	226019	1712	139.0030750307503
SAMN61656708	386199	2930	237.51476014760146
SAMN61656709	2340212	17892	1439.2447724477245
SAMN61656710	2199947	16770	1352.9809348093481
SAMN61656711	1971662	15081	1212.5842558425584
SAMN61656712	2128641	16128	1309.1273062730627
SAMN61656713	2443505	18480	1502.7706027060271
SAMN61656714	3351562	25674	2061.231242312423
SAMN61656715	2118863	16049	1303.1137761377613
SAMN61656716	2227084	16856	1369.670356703567
SAMN61656717	4187367	32092	2575.2564575645756
SAMN61656718	3612105	27260	2221.4667896678966
SAMN61656719	3091363	23171	1901.2072570725707
SAMN61656720	728973	5520	448.3228782287823
SAMN61656721	1504860	11493	925.4981549815498
SAMN61656722	80114	619	49.27060270602706
SAMN61656723	78820	598	48.47478474784748
SAMN61656724	222662	1714	136.93849938499386
SAMN61656725	387560	2954	238.35178351783517
SAMN61656726	258542	1972	159.00492004920048
SAMN61656727	225575	1780	138.730012300123
SAMN61656728	125285	984	77.05104551045511
SAMN61656729	780859	6235	480.23308733087333
SAMN61656730	468805	3626	288.3179581795818
SAMN61656731	58687	445	36.092865928659286
SAMN61656732	452801	3462	278.4753997539975
SAMN61656733	94814	740	58.31119311193112
SAMN61656734	195546	1498	120.2619926199262
SAMN61656735	85640	662	52.66912669126691
SAMN61656736	383846	2914	236.06765067650676
SAMN61656737	527942	4054	324.68757687576874
SAMN61656738	361473	2773	222.30811808118082
SAMN61656739	563463	4320	346.5332103321033
SAMN61656740	546508	4109	336.1057810578106
SAMN61656741	171209	1339	105.29458794587946
SAMN61656742	735233	5922	452.1728167281673
SAMN61656743	120180	961	73.91143911439114
SAMN61656744	207817	1604	127.80873308733088
SAMN61656745	240674	1760	148.0159901599016
SAMN61656746	77497	599	47.661131611316115
SAMN61656747	314726	2430	193.55842558425584
SAMN61656748	1682429	12440	1034.7041820418203
SAMN61656749	42119	337	25.903444034440344
SAMN61656750	357346	2752	219.769987699877
SAMN61656751	155403	1172	95.57380073800738
SAMN61656752	525841	4105	323.39544895448955
SAMN61656753	620660	5016	381.709717097171
SAMN61656754	1082737	8454	665.889913899139
SAMN61656755	520433	3976	320.06949569495697
SAMN61656756	572702	4319	352.21525215252154
SAMN61656757	1548662	11584	952.4366543665436
SAMN61656758	496984	3731	305.6482164821648
SAMN61656759	196240	1492	120.68880688806888
SAMN61656760	10343	82	6.361008610086101
SAMN61656761	3270	22	2.011070110701107
SAMN61656762	34372	282	21.138991389913897
SAMN61656763	8118	64	4.992619926199262
SAMN61656764	91505	743	56.27613776137761
SAMN61656765	81551	615	50.15436654366544
SAMN61656766	53169	404	32.699261992619924
SAMN61656767	113529	888	69.8210332103321
SAMN61656768	35184	268	21.638376383763838
SAMN61656769	18313	139	11.26260762607626
SAMN61656770	5014	38	3.0836408364083643
SAMN61656771	9622	74	5.9175891758917585
SAMN61656772	1759	13	1.0817958179581795
SAMN61656773	82717	645	50.871463714637144
SAMN61656774	39302	307	24.170971709717097
SAMN61656775	34500	264	21.217712177121772
SAMN61656776	104557	800	64.30319803198032
SAMN61656777	14987	117	9.21709717097171
SAMN61656778	147709	1129	90.84194341943419
SAMN61656779	154301	1188	94.89606396063961
SAMN61656780	325078	2601	199.9249692496925
SAMN61656781	305941	2386	188.15559655596556
SAMN61656782	134926	1036	82.98031980319803
SAMN61656783	261995	2037	161.12853628536286
SAMN61656784	90241	684	55.49876998769988
SAMN61656785	33750	262	20.756457564575644
SAMN61656786	634568	4813	390.2632226322263
SAMN61656787	215000	1655	132.22632226322264
SAMN61656788	244663	1884	150.46924969249693
SAMN61656789	335555	2609	206.36838868388685
SAMN61656790	110341	851	67.86039360393605
SAMN61656791	251126	1966	154.4440344403444
SAMN61656792	7546	56	4.640836408364084
SAMN61656793	138930	1064	85.44280442804428
SAMN61656794	2516838	19396	1547.870848708487
SAMN61656795	653765	4920	402.06949569495697
SAMN61656796	370000	2866	227.55227552275522
SAMN61656797	88614	683	54.49815498154982
SAMN61656798	194292	1468	119.49077490774907
SAMN61656799	125489	958	77.17650676506766
SAMN61656800	28162	228	17.31980319803198
SAMN61656801	207306	1614	127.49446494464945
SAMN61656802	12730	101	7.829028290282903
SAMN61656803	518246	3923	318.72447724477246
SAMN61656804	717802	5582	441.4526445264453
SAMN61656805	281206	2186	172.94341943419434
SAMN61656806	643202	4989	395.57318573185734
SAMN61656807	291544	2309	179.30135301353013
SAMN61656808	746071	5723	458.8382533825338
SAMN61656809	427859	3357	263.1359163591636
SAMN61656810	313716	2579	192.93726937269372
SAMN61656811	1779580	13474	1094.4526445264453
SAMN61656812	1634349	12374	1005.1346863468634
SAMN61656813	1553189	11758	955.220787207872
SAMN61656814	2748073	20944	1690.0817958179582
SAMN61656815	7250790	55966	4459.280442804428
SAMN61656816	1611762	12265	991.2435424354244
SAMN61656817	2760879	20809	1697.9575645756458
SAMN61656818	5861968	43641	3605.146371463715
SAMN61656819	2671139	19488	1642.7669126691267
SAMN61656820	3316059	25095	2039.3966789667898
SAMN61656821	2496486	18856	1535.3542435424354
SAMN61656822	1828055	13737	1124.2650676506764
SAMN61656823	1090247	8341	670.5086100861008
SAMN61656824	867464	6675	533.4956949569496
SAMN61656825	1313161	9869	807.6020910209102
SAMN61656826	1520300	11656	934.9938499384994
SAMN61656827	1188674	8940	731.0418204182042
SAMN61656828	1314383	9969	808.3536285362853
SAMN61656829	1727257	13148	1062.2736777367775
SAMN61656830	690216	5275	424.4870848708487
SAMN61656831	1930311	15130	1187.1531365313654
SAMN61656832	1537778	11592	945.7429274292743
SAMN61656833	1203866	9639	740.3849938499385
SAMN61656834	2451372	18559	1507.608856088561
SAMN61656835	419507	3234	257.99938499384996
SAMN61656836	182677	1384	112.34747847478475
SAMN61656837	85872	652	52.81180811808118
SAMN61656838	241215	1845	148.34870848708488
SAMN61656839	715338	5435	439.9372693726937
SAMN61656840	571805	4391	351.66359163591636
SAMN61656841	425852	3339	261.90159901599014
SAMN61656842	964241	7454	593.0141451414514
SAMN61656843	594639	4582	365.70664206642067
SAMN61656844	479754	3680	295.0516605166052
SAMN61656845	1642516	12849	1010.1574415744158
SAMN61656846	722008	5584	444.03936039360394
SAMN61656847	259908	1985	159.8450184501845
SAMN61656848	706305	5383	434.3819188191882
SAMN61656849	358281	2744	220.3450184501845
SAMN61656850	232299	1800	142.86531365313652
SAMN61656851	453334	3431	278.80319803198034
SAMN61656852	496051	3764	305.0744157441574
SAMN61656853	248695	1913	152.9489544895449
SAMN61656854	283575	2168	174.40036900369003
SAMN61656855	498442	3707	306.5448954489545
SAMN61656856	364862	2798	224.39237392373923
SAMN61656857	270008	1999	166.05658056580566
SAMN61656858	151851	1162	93.38929889298893
SAMN61656859	68990	520	42.429274292742925
SAMN61656860	7253	53	4.460639606396064
SAMN61656861	159756	1205	98.25092250922509
SAMN61656862	63302	494	38.931119311193115
SAMN61656863	547564	4122	336.7552275522755
SAMN61656864	119716	916	73.6260762607626
SAMN61656865	119628	920	73.5719557195572
SAMN61656866	64619	488	39.741082410824106
SAMN61656867	402680	3083	247.65067650676508
SAMN61656868	114643	880	70.50615006150062
SAMN61656869	80197	637	49.32164821648217
SAMN61656870	42308	326	26.019680196801968
SAMN61656871	212812	1618	130.88068880688806
SAMN61656872	915410	7091	562.9827798277983
SAMN61656873	1179430	8977	725.3567035670357
SAMN61656874	365409	2996	224.72878228782287
SAMN61656875	235071	1815	144.570110701107
SAMN61656876	878811	6729	540.4741697416974
SAMN61656877	61004	471	37.51783517835178
SAMN61656878	564149	4496	346.9551045510455
SAMN61656879	183763	1413	113.01537515375153
SAMN61656880	215909	1679	132.78536285362853
SAMN61656881	123039	959	75.66974169741698
SAMN61656882	363555	2709	223.58856088560884
SAMN61656883	62168	478	38.233702337023374
SAMN61656884	411288	3124	252.94464944649445
SAMN61656885	498226	3695	306.4120541205412
SAMN61656886	147140	1125	90.4920049200492
SAMN61656887	108893	833	66.96986469864699
SAMN61656888	133686	1025	82.21771217712177
SAMN61656889	82398	637	50.67527675276753
SAMN61656890	225526	1776	138.69987699876998
SAMN61656891	1189646	9178	731.639606396064
SAMN61656892	740170	5578	455.2091020910209
SAMN61656893	25383	186	15.61070110701107
SAMN61656894	407881	3105	250.84932349323492
SAMN61656895	512722	4016	315.3271832718327
SAMN61656896	15917	116	9.789052890528906
SAMN61656897	199648	1650	122.78474784747847
SAMN61656898	17775	140	10.931734317343173
SAMN61656899	343994	2717	211.55842558425584
SAMN61656900	500434	3927	307.769987699877
SAMN61656901	132760	991	81.64821648216483
SAMN61656902	156668	1166	96.35178351783517
SAMN61656903	301636	2361	185.5079950799508
SAMN61656904	313655	2369	192.89975399754
SAMN61656905	101643	801	62.511070110701105
SAMN61656906	129316	987	79.53013530135301
SAMN61656907	180024	1347	110.71586715867159
SAMN61656908	222958	1710	137.12054120541205
SAMN61656909	294816	2382	181.31365313653137
SAMN61656910	56568	454	34.789667896678964
SAMN61656911	110791	877	68.13714637146371
SAMN61656912	67592	551	41.56949569495695
SAMN61656913	10420	83	6.408364083640836
SAMN61656914	10503	84	6.459409594095941
SAMN61656915	55299	447	34.00922509225092
SAMN61656916	39278	317	24.156211562115622
SAMN61656917	127283	958	78.27982779827798
SAMN61656918	16816	135	10.341943419434195
SAMN61656919	144109	1070	88.62792127921279
SAMN61656920	19959	152	12.27490774907749
SAMN61656921	1018	8	0.6260762607626076
SAMN61656922	5941	46	3.653751537515375
SAMN61656923	12652	96	7.781057810578106
SAMN61656924	4432	34	2.7257072570725707
SAMN61656925	43553	330	26.785362853628538
SAMN61656926	25915	186	15.937884378843789
SAMN61656927	47871	364	29.440959409594097
SAMN61656928	0	0	0.0
SAMN61656929	23379	192	14.378228782287822
SAMN61656930	269397	2061	165.68081180811808
SAMN61656931	723992	5440	445.25953259532594
SAMN61656932	83752	636	51.5079950799508
SAMN61656933	471277	3600	289.8382533825338
SAMN61656934	287008	2199	176.51168511685117
SAMN61656935	179954	1396	110.67281672816728
SAMN61656936	743437	5914	457.2183271832718
SAMN61656937	196829	1463	121.05104551045511
SAMN61656938	161911	1258	99.57626076260763
SAMN61656939	435387	3279	267.7656826568266
SAMN61656940	108947	803	67.00307503075031
SAMN61656941	286020	2182	175.9040590405904
SAMN61656942	67999	518	41.81980319803198
SAMN61656943	232194	1766	142.80073800738006
SAMN61656944	94550	718	58.14883148831488
SAMN61656945	248889	1890	153.06826568265683
SAMN61656946	118108	901	72.63714637146371
SAMN61656947	76474	579	47.031980319803196
SAMN61656948	216516	1644	133.15867158671585
SAMN61656949	78470	618	48.25953259532595
SAMN61656950	167711	1306	103.14329643296433
SAMN61656951	164067	1313	100.90221402214023
SAMN61656952	279885	2210	172.1309963099631
SAMN61656953	156581	1199	96.29827798277982
SAMN61656954	229603	1683	141.2072570725707
SAMN61656955	251174	1949	154.47355473554737
SAMN61656956	96012	730	59.047970479704794
SAMN61656957	132119	1005	81.2539975399754
SAMN61656958	1103592	8470	678.7158671586716
SAMN61656959	3451019	25890	2122.3979089790896
SAMN61656960	1058843	7832	651.1949569495695
SAMN61656961	968612	7246	595.7023370233702
SAMN61656962	761604	5761	468.3911439114391
SAMN61656963	421404	3159	259.1660516605166
SAMN61656964	1932483	14385	1188.4889298892988
SAMN61656965	989767	7380	608.7127921279213
SAMN61656966	507075	3888	311.8542435424354
SAMN61656967	914037	6775	562.1383763837638
SAMN61656968	526130	3839	323.57318573185734
SAMN61656969	1122786	8388	690.5202952029521
SAMN61656970	298762	2237	183.74046740467404
SAMN61656971	470456	3632	289.3333333333333
SAMN61656972	3110	22	1.912669126691267
SAMN61656973	0	0	0.0
SAMN61656974	5349	50	3.2896678966789668
SAMN61656975	25414	199	15.629766297662977
SAMN61656976	181	2	0.11131611316113162
SAMN61656977	21892	163	13.46371463714637
SAMN61656978	0	0	0.0
SAMN61656979	2231	17	1.3720787207872078
SAMN61656980	325329	2451	200.07933579335793
SAMN61656981	218631	1660	134.45940959409594
SAMN61656982	8090	64	4.97539975399754
SAMN61656983	1377033	12941	846.8837638376384
SAMN61656984	0	0	0.0
SAMN61656985	301	2	0.18511685116851168
SAMN61656986	69670	523	42.84747847478475
SAMN61656987	13263	101	8.156826568265682
SAMN61656988	1028	8	0.6322263222632226
SAMN61656989	2940	20	1.8081180811808117
SAMN61656990	1544	14	0.949569495694957
SAMN61656991	0	0	0.0
SAMN61656992	8166	71	5.022140221402214
SAMN61656993	266	2	0.16359163591635917
SAMN61656994	12961	95	7.971094710947109
SAMN61656995	561705	5490	345.4520295202952
SAMN61656996	1389318	11840	854.4391143911439
SAMN61656997	2374392	19347	1460.2656826568266
SAMN61656998	1511287	11342	929.450799507995
SAMN61656999	1119668	8433	688.6027060270603
SAMN61657000	980902	7358	603.260762607626
SAMN61657001	655291	4947	403.0079950799508
SAMN61657002	4909695	36427	3019.492619926199
SAMN61657003	1708217	12905	1050.5639606396064
SAMN61657004	2986771	22672	1836.8825338253382
SAMN61657005	1825002	13755	1122.3874538745388
SAMN61657006	1331014	10173	818.5817958179582
SAMN61657007	1696797	12580	1043.5405904059041
SAMN61657008	2327311	17697	1431.3105781057811
SAMN61657009	731441	5642	449.84071340713405
SAMN61657010	656760	4910	403.91143911439116
SAMN61657011	1197972	8996	736.760147601476
SAMN61657012	905155	6768	556.6758917589176
SAMN61657013	535627	4580	329.4138991389914
SAMN61657014	944847	7026	581.0867158671587
SAMN61657015	213178	1661	131.1057810578106
SAMN61657016	325120	2506	199.95079950799507
SAMN61657017	1358413	10329	835.4323493234932
SAMN61657018	797974	6058	490.7589175891759
SAMN61657019	893863	6733	549.7312423124231
SAMN61657020	2220179	16550	1365.4237392373923
SAMN61657021	117992	870	72.56580565805658
SAMN61657022	34355	261	21.128536285362852
SAMN61657023	41905	322	25.771832718327182
SAMN61657024	35610	265	21.900369003690038
SAMN61657025	75447	577	46.40036900369004
SAMN61657026	46905	365	28.846863468634687
SAMN61657027	159295	1218	97.96740467404675
SAMN61657028	42249	333	25.98339483394834
SAMN61657029	128698	974	79.15006150061501
SAMN61657030	24541	213	15.092865928659286
SAMN61657031	142165	1075	87.43234932349324
SAMN61657032	24042	181	14.785977859778598
SAMN61657033	121718	915	74.85731857318574
SAMN61657034	17820	135	10.959409594095941
SAMN61657035	218163	1636	134.17158671586716
SAMN61657036	6405	63	3.9391143911439115
SAMN61657037	34463	255	21.194956949569494
SAMN61657038	23692	193	14.570725707257072
SAMN61657039	30654	230	18.85239852398524
SAMN61657040	41332	301	25.419434194341942
SAMN61657041	104740	790	64.41574415744158
SAMN61657042	21275	166	13.084255842558425
SAMN61657043	102346	784	62.94341943419434
SAMN61657044	19695	151	12.112546125461254
SAMN61657045	117825	901	72.46309963099631
