accession	genotype	variant	hucat_label	genogroup	strain	vp1_length	source
EU085529	GI.1		GI.1	GI	Gothenburg	1593	cds
M87661	GI.1		GI.1	GI	Norwalk	1593	cds
L23828	GI.1		GI.1	GI	SRSV-KY-8989J	1593	cds
AF435807	GI.2		GI.2	GI	Constellation59	1635	cds
FJ515294	GI.2		GI.2	GI	Leuven	1641	cds
L07418	GI.2		GI.2	GI	Southampton	1641	cds
EF547396	GI.3		GI.3	GI	Akabane991130	1635	cds
GQ856470	GI.3		GI.3	GI	Beijing54108	1632	cds
GQ856471	GI.3		GI.3	GI	Beijing54114	1635	cds
GQ856472	GI.3		GI.3	GI	Beijing54660	1635	cds
GQ856473	GI.3		GI.3	GI	Beijing55042	1635	cds
U04469	GI.3		GI.3	GI	DesertShield395	1635	cds
KM289169	GI.3		GI.3	GI	Muenster702	1544	cds
AB187514	GI.3		GI.3	GI	Otofuke	1632	cds
AF439267	GI.3		GI.3	GI	Potsdam196	1638	cds
KJ196292	GI.3		GI.3	GI	ShimizuKK2866	1638	cds
AF145709	GI.3		GI.3	GI	Stavanger	1638	cds
AY038598	GI.3		GI.3	GI	VA98115	1638	cds
GQ856475	GI.4		GI.4	GI	Beijing55169	1635	cds
AB042808	GI.4		GI.4	GI	Chiba407	1635	cds
LN854563	GI.4		GI.4	GI	Groningen	1635	cds
AF394960	GI.4		GI.4	GI	Koblenz433	1635	cds
AJ313030	GI.4		GI.4	GI	Queensarmsleeds92	1635	cds
AF414406	GI.5		GI.5	GI	AppalachicolaBay318	1632	cds
AJ277614	GI.5		GI.5	GI	Musgrove	1632	cds
LC101825	GI.5		GI.5	GI	OC020180	1626	cds
KJ402295	GI.5		GI.5	GI	Siklos-HUN5407	1632	cds
AB039774	GI.5		GI.5	GI	SzUG1	1632	cds
MH443711	GI.5		GI.5	GI	Yiwu-CB1	1632	cds
AF093797	GI.6		GI.6	GI	BS5_Hesse	1623	cds
GQ856463	GI.6		GI.6	GI	Beijing53997	1623	cds
GQ856464	GI.6		GI.6	GI	Beijing55063	1623	cds
LC342057	GI.6		GI.6	GI	No20-Saitama-98-17	1623	cds
AJ277615	GI.6		GI.6	GI	Sindlesham	1626	cds
AF538678	GI.6		GI.6	GI	VA497	1623	cds
AB081723	GI.6		GI.6	GI	WUG1	1623	cds
KU311161	GI.7		GI.7	GI	AlbertaEI404	1617	cds
AJ844469	GI.7		GI.7	GI	Chiba030100	1641	cds
MH130046	GI.7		GI.7	GI	Dhaka1882	1641	cds
AY675555	GI.7		GI.7	GI	IF2036	1635	cds
JN899243	GI.7		GI.7	GI	Providence	1617	cds
AJ277609	GI.7		GI.7	GI	Winchester	1620	cds
GU299761	GI.8		GI.8	GI	890321	1632	cds
AF538679	GI.8		GI.8	GI	Boxer	1632	cds
KJ196298	GI.8		GI.8	GI	NagoyaKY531	1632	cds
KF586507	GI.9		GI.9	GI	CAIQ12110628	1653	cds
JN183159	GI.9		GI.9	GI	LillaEdetS48	1619	cds
HQ637267	GI.9		GI.9	GI	Vancouver730	1653	cds
AB684696	GI.9		GI.9	GI	Tokyo45-5	1638	cds
KJ194507	GII.1		GII.1	GII	Amsterdam3	1608	cds
JN797508	GII.1		GII.1	GII	Ascension208	1608	cds
AF425767	GII.1		GII.1	GII	Dillingen391	1608	cds
U07611	GII.1		GII.1	GII	Hawaii	1608	cds
AY919139	GII.1		GII.1	GII	Picton	2154	record
MF405169	GII.2		GII.2	GII	HenrytonSP17	1629	cds
JX846925	GII.2		GII.2	GII	KL109	1629	cds
DQ456824	GII.2		GII.2	GII	MK04	1629	cds
X81879	GII.2		GII.2	GII	Melksham	1629	cds
KY865306	GII.2		GII.2	GII	SantaRosa1764	1629	cds
AY134748	GII.2		GII.2	GII	SnowMountain	1629	cds
AB281090	GII.2		GII.2	GII	Vaals	1629	cds
MH218579	GII.3		GII.3	GII	109	1647	cds
KJ194500	GII.3		GII.3	GII	Amsterdam1	1647	cds
AF190817	GII.3		GII.3	GII	Arg320	1647	cds
JX846924	GII.3		GII.3	GII	HK71	1647	cds
AF539439	GII.3		GII.3	GII	Herzberg385	1647	cds
U22498	GII.3		GII.3	GII	MX	1647	cds
JN565063	GII.3		GII.3	GII	Milwaukee009	1647	cds
MF140689	GII.3		GII.3	GII	RotterdamE1300327	1650	cds
AB385626	GII.3		GII.3	GII	RotterdamP1D0	1647	cds
AB190457	GII.3		GII.3	GII	SN2000JA	1647	cds
U02030	GII.3		GII.3	GII	Toronto	1647	cds
FJ537135	GII.4		GII.4	GII	CHDC2094	1620	cds
FJ537134	GII.4		GII.4	GII	CHDC5191	1620	cds
MT028542	GII.4	Allegany	GII.4Allegany	GII	Allegany230	1623	cds
MW019958	GII.4	Allegany	GII.4Allegany	GII	Botswana_1137	1623	cds
PQ213438	GII.4	Allegany	GII.4Allegany	GII	Frederick0013	1623	cds
MW559992	GII.4	Allegany	GII.4Allegany	GII	KLFNOV005	1623	cds
AB445395	GII.4	Apeldoorn	GII.4 Apeldoorn	GII	Apeldoorn317	1623	cds
HM748973	GII.4	Apeldoorn	GII.4 Apeldoorn	GII	TurramurraNSW892U	1623	cds
AB220921	GII.4	Asia	GII.4 Asia	GII	Asia	1623	cds
AB220922	GII.4	Asia	GII.4 Asia	GII	Sakai04179	1623	cds
X76716	GII.4	Asia	GII.4 Asia	GII	Bristol	1620	cds
EF126965	GII.4	DenHaag	GII.4Den Haag	GII	DenHaag	1623	cds
EU078417	GII.4	DenHaag	GII.4Den Haag	GII	Minerva	1623	cds
AB541348	GII.4	DenHaag	GII.4Den Haag	GII	Shimane2	1623	cds
AY502023	GII.4	FarmingtonHills	GII.4 Farmington Hills	GII	FarmingtonHills	1623	cds
FJ411170	GII.4	FarmingtonHills	GII.4 Farmington Hills	GII	Henry	1623	cds
MN400355	GII.4	FarmingtonHills	GII.4 Farmington Hills	GII	CUHK-NS-2200	1623	cds
DQ078814	GII.4	Hunter	GII.4Hunter	GII	Hunter504D04O	1623	cds
AY883096	GII.4	Hunter	GII.4Hunter	GII	Hunter	1623	cds
AB933767	GII.4	NewOrleans	GII.4New Orleans	GII	Hokkaido3	1623	cds
GQ845367	GII.4	NewOrleans	GII.4New Orleans	GII	NSW001P	1623	cds
KX353972	GII.4	NewOrleans	GII.4New Orleans	GII	NewOrleans_2010-SP-0870	1623	cds
GU445325	GII.4	NewOrleans	GII.4New Orleans	GII	NewOrleans	1623	cds
AB434770	GII.4	Osaka	GII.4 Osaka	GII	Osaka	1623	cds
EU921388	GII.4	Osaka	GII.4 Osaka	GII	PunePC51	1623	cds
EU078406	GII.4	Osaka	GII.4 Osaka	GII	Richmond	1620	cds
PV275048	GII.4	SanFrancisco	GII.4San Francisco	GII	Panama1312	1626	cds
OR262344	GII.4	SanFrancisco	GII.4San Francisco	GII	SanFrancisco_SA	1626	cds
OR262322	GII.4	SanFrancisco	GII.4San Francisco	GII	SanFrancisco_USA	1626	cds
MW521126	GII.4	Sydney	GII.4Sydney	GII	B7265	1623	cds
MK762630	GII.4	Sydney	GII.4Sydney	GII	Broward1056_2015_P31	1623	cds
PQ207921	GII.4	Sydney	GII.4Sydney	GII	EauClaire0042_2018_P4	1623	cds
PQ195892	GII.4	Sydney	GII.4Sydney	GII	Franklin0027_2019_P16	1623	cds
MK752934	GII.4	Sydney	GII.4Sydney	GII	Grant0015_2018_P16	1623	cds
PQ195913	GII.4	Sydney	GII.4Sydney	GII	Huron0309_2020_P31	1623	cds
PQ209098	GII.4	Sydney	GII.4Sydney	GII	Lincoln0055_2023_P16	1623	cds
PQ218566	GII.4	Sydney	GII.4Sydney	GII	LosAngeles0043_2021_P16	1623	cds
PQ196561	GII.4	Sydney	GII.4Sydney	GII	Maricopa0179_2022_P16	1623	cds
PQ208322	GII.4	Sydney	GII.4Sydney	GII	Michigan0095_2023_P16	1623	cds
PQ207934	GII.4	Sydney	GII.4Sydney	GII	Milwaukee0499_2023_P16	1623	cds
PQ214833	GII.4	Sydney	GII.4Sydney	GII	Minnesota0019_2019_P4	1623	cds
LC153121	GII.4	Sydney	GII.4Sydney	GII	OH16002	1623	cds
KX354134	GII.4	Sydney	GII.4Sydney	GII	SP-0251_121714_WI	1623	cds
PQ196529	GII.4	Sydney	GII.4Sydney	GII	SanLuisObispo0063_2022_P16	1623	cds
OL336352	GII.4	Sydney	GII.4Sydney	GII	Sydney2105Y1677	1623	cds
JX459908	GII.4	Sydney	GII.4Sydney	GII	Sydney	1623	cds
JX459907	GII.4	Sydney	GII.4Sydney	GII	WoononaNSW3309	1623	cds
AF414424	GII.4	US95-96	GII.4US95-96	GII	US95-96	1620	cds
AJ004864	GII.4	US95-96	GII.4US95-96	GII	US95-96	1620	cds
PQ218943	GII.4	Wichita	GII.4 Wichita	GII	RedWillow0059	1623	cds
PQ207944	GII.4	Wichita	GII.4 Wichita	GII	Wichita0031	1623	cds
AB294790	GII.4	Yerseke	GII.4 Yerseke	GII	Isumi060936	1623	cds
EF126963	GII.4	Yerseke	GII.4 Yerseke	GII	Yerseke	1623	cds
AJ277607	GII.5		GII.5	GII	Hillingdon	1623	cds
AB212306	GII.5		GII.5	GII	Hokkaido133	1623	cds
AF397156	GII.5		GII.5	GII	MOH	1617	cds
KJ196277	GII.5		GII.5	GII	SaitamaT49	1623	cds
KJ196288	GII.5		GII.5	GII	SaitamaT52	1623	cds
KX158281	GII.6		GII.6	GII	14-55	1644	cds
KM198534	GII.6		GII.6	GII	30443	1653	cds
MN248516	GII.6		GII.6	GII	Belgium-4	1644	cds
JX989075	GII.6		GII.6	GII	GZ2010-L96Guangzhou	1644	cds
PV174245	GII.6		GII.6	GII	Mahoning0050	1653	cds
AF414410	GII.6		GII.6	GII	Miami292	1644	cds
PV174244	GII.6		GII.6	GII	NewYork0007	1653	cds
KC576910	GII.6		GII.6	GII	S9c	1653	cds
AB039778	GII.6		GII.6	GII	SaitamaU16	1644	cds
AB039777	GII.6		GII.6	GII	SaitamaU4	1653	cds
AJ277620	GII.6		GII.6	GII	Seacroft	1653	cds
HM633213	GII.6		GII.6	GII	Shizuoka8913	1644	cds
GU930737	GII.6		GII.6	GII	TCHE99-13646	1647	cds
MH218692	GII.7		GII.7	GII	236	1623	cds
AF414409	GII.7		GII.7	GII	Gwynedd273	1623	cds
AJ277608	GII.7		GII.7	GII	Leeds	1623	cds
KJ196295	GII.7		GII.7	GII	TAKAsanKimchi	1623	cds
AF195848	GII.8		GII.8	GII	Amsterdam9818	1611	cds
AB039780	GII.8		GII.8	GII	SaitamaU25	1614	cds
DQ379715	GII.9		GII.9	GII	GoulburnValleyG5175C	1614	cds
AY038599	GII.9		GII.9	GII	VA97207	1614	cds
AF427118	GII.10		GII.10	GII	Erfurt546	1647	cds
AY237415	GII.10		GII.10	GII	Mc37	1647	cds
AF504671	GII.10		GII.10	GII	Vietnam026	1647	cds
AB126320	GII.11		GII.11	GII	Sw43	1644	cds
AB074893	GII.11		GII.11	GII	Sw918	1644	cds
LC342059	GII.12		GII.12	GII	No35-Saitama-99-1	1608	cds
EU921353	GII.12		GII.12	GII	PunePC24	1608	cds
AB039775	GII.12		GII.12	GII	SaitamaU1	1608	cds
GQ845370	GII.12		GII.12	GII	StGeorge	1608	cds
AJ277618	GII.12		GII.12	GII	Wortley	1608	cds
AY113106	GII.13		GII.13	GII	Fayetteville	1629	cds
DQ379714	GII.13		GII.13	GII	GoulburnValleyG5175B	1629	cds
EU921354	GII.13		GII.13	GII	PunePC25	1629	cds
KJ196276	GII.13		GII.13	GII	SaitamaT80	1629	cds
GQ856465	GII.14		GII.14	GII	Beijing55028	1611	cds
AY130761	GII.14		GII.14	GII	M7	1611	cds
GU017903	GII.14		GII.14	GII	Maizuru8533	1611	cds
KM289171	GII.14		GII.14	GII	PV-Voelk0017	1535	cds
GU594162	GII.14		GII.14	GII	Saga8610	1611	cds
KJ196278	GII.14		GII.14	GII	SendaiYG99	1611	cds
AY502006	GII.16		GII.16	GII	Hiram	1623	cds
AY502010	GII.16		GII.16	GII	Tiffin	1623	cds
KJ156329	GII.17		GII.17	GII	13BH1	1617	cds
MK789431	GII.17		GII.17	GII	3351	1623	cds
OP805362	GII.17		GII.17	GII	446222	1617	cds
OR685283	GII.17		GII.17	GII	CA-RGDS-1180	1626	cds
OP689689	GII.17		GII.17	GII	CA	1617	cds
AY502009	GII.17		GII.17	GII	CS-E1	1623	cds
KT589391	GII.17		GII.17	GII	CUHK-NS-682	1623	cds
DQ438972	GII.17		GII.17	GII	Katrina-17	1626	cds
LC037415	GII.17		GII.17	GII	Kawasaki308	1623	cds
AB983218	GII.17		GII.17	GII	Kawasaki323	1617	cds
KJ196286	GII.17		GII.17	GII	SaitamaT87	1623	cds
AY823304	GII.18		GII.18	GII	OH-QW101	1674	cds
AY823305	GII.18		GII.18	GII	OH-QW125	1674	cds
AY823306	GII.18		GII.18	GII	OH-QW170	1647	cds
EU424333	GII.20		GII.20	GII	Leverkusen267	1608	cds
EU373815	GII.20		GII.20	GII	Luckewalde591	1605	cds
AB542917	GII.20		GII.20	GII	OC071182007	1608	cds
AY675554	GII.21		GII.21	GII	IF1998	1614	cds
KJ196284	GII.21		GII.21	GII	KawasakiYO284	1620	cds
JN899245	GII.21		GII.21	GII	Salisbury150	1620	cds
MG495082	GII.22		GII.22	GII	Dhaka1940	1626	cds
AB083780	GII.22		GII.22	GII	Yuri	1626	cds
KT290889	GII.23		GII.23	GII	Loreto1847	1632	cds
MG495080	GII.23		GII.23	GII	Loreto6422	1632	cds
KR232647	GII.23		GII.23	GII	Quininde1906	1632	cds
MG495084	GII.24		GII.24	GII	EdenPrairie5457	1629	cds
KY225989	GII.24		GII.24	GII	Loreto1972	1629	cds
GQ856469	GII.25		GII.25	GII	Beijing53931	1617	cds
MG495083	GII.25		GII.25	GII	Dhaka1928	1626	cds
MF352142	GII.26		GII.26	GII	Leipzig07788a	1629	cds
KU306738	GII.26		GII.26	GII	Leon4509	1629	cds
MK733205	GII.27		GII.27	GII	Arg15813	1632	cds
MG495077	GII.27		GII.27	GII	Loreto0959	1632	cds
MG495078	GII.27		GII.27	GII	Loreto1041	1632	cds
AB684728	GII.27		GII.27	GII	Tokyo68-4	1626	cds
MG495079	GII.27		GII.27	GII	Loreto1257	1629	cds
MG706448	GII.27		GII.27	GII	PNV06929	1629	cds
JQ970479	GIV.1		GIV.1	GIV	Ahrenshoop246	1671	cds
DQ093067	GIV.1		GIV.1	GIV	Alph23	1671	cds
AF195847	GIV.1		GIV.1	GIV	Alphatron	1668	cds
KC894731	GIV.1		GIV.1	GIV	CCDCGR1113-59	1671	cds
KT030674	GIV.1		GIV.1	GIV	Canet-en-Roussillon	1671	cds
AF414426	GIV.1		GIV.1	GIV	FortLauderdale	1671	cds
FM865412	GIV.1		GIV.1	GIV	Italy980	1671	cds
JQ613567	GIV.1		GIV.1	GIV	LakeMacquarie	1671	cds
LC101824	GIV.1		GIV.1	GIV	OC01017023	1671	cds
AF414427	GIV.1		GIV.1	GIV	SaintCloud	1671	cds
KX907728	GIV.1		GIV.1	GIV	WI7002	1665	cds
AJ844470	GVIII.1		GVIII.1	GVIII	Chiba-040502	1668	cds
AB985418	GVIII.1		GVIII.1	GVIII	Tokyo2-18	1668	cds
KJ196291	GVIII.1		GVIII.1	GVIII	Yuzawa-Gira2HS	1668	cds
GQ856474	GIX.1		GIX.1	GIX	Beijing55161	1668	cds
AY130762	GIX.1		GIX.1	GIX	J23	1668	cds
AF542090	GIX.1		GIX.1	GIX	Mex7076	1665	cds
KJ196290	GIX.1		GIX.1	GIX	SapporoHK299	1668	cds
